Student,HW 0: Getting Ready! (810075),HW 1: Vocab (810068),HW 2: Qualitative Data (810069),HW 3: Quantitative Displays (810070),HW 4: Quantitative Data part 1 (810071),HW 5: Quantitative Data part 2 (810074),HW 6: Relative Position (810072),HW 7R: Midterm 1 Review NO DROP (810073),HW 8: Scatterplots and correlation (817337),"HW 9: Correlation, Regression (817338)",HW 10: Probability Part 1 (817339),HW 11: Probability Part 2 (817340),HW 12: RV & Normal Dist part 1 (833866),HW 13: Normal Distribution part 2 (833867),HW 14: Sampling Distributions of p-hat (833868),HW 15: 1 sample CI for p (part 1) (833869),HW 16: 1 sample CI for p (part 2) (833871),HW 17: Intro to Hypothesis Testing (833870),HW 18R: Midterm 2 Review - NO DROP (833865),HW 19: 1 sample HT for p (851955),HW 20R: Final Exam Review 1 - NO DROP (851958),HW 21: Sampling Distribution of x-bar (851954),HW 22: 1 sample CI for mu (851956),HW 23: 1 sample HT for mu (851957),HW 24R: Final Exam Review 2 - NO DROP (851959),Project 1 - COVID Tracker (810061),Project 1 - Heart Disease (810063),Project 1 - NFL Combine (810065),Project 1 - US Health Insurance (810066),Project 1 - Homelessness (810064),Project 1 - College Majors (810062),Project 2 - COVID 19 (821369),Project 2 - Heart Disease (821370),Project 2 - NFL Combine (821372),Project 2 - US Health Insurance (821373),Project 2 - Homelessness (821371),Project 2 - College Majors (820644),Project 3 - COVID Tracker (848640),Project 3 - Heart Disease (848639),Project 3 - NFL Combine (848637),Project 3 - US Health Insurance (848636),Project 3 - Homelessness (848638),Project 3 - College Majors (848635),Lecture 08.22 (782980),Lecture 08.24 (794986),Lecture 09.05 (803069),Lecture 09.07 (804537),Lecture 09.12 (807992),Lecture 09.14 (809359),Lecture 09.19 (812140),Lecture 09.21 (813748),Lecture 09.26 (816446),Lecture 09.28 (817928),Lecture 10.03 (820368),Lecture 10.05 (821949),Lecture 10.10 (824809),Lecture 10.12 (826172),Lecture 10.17 (828610),Lecture 10.19 (829874),Lecture 10.24 (832155),Lecture 10/26 (833546),Lecture 10.31 (836629),Lecture 11.02 (838062),Lecture 11.07 (840422),Lecture 11.09 (842069),Lecture 11.14 (844526),Lecture 11.16 (846793),Lecture 11.28 (851001),Lecture 11.30 (855020),Lecture 12.05 (854764),Lecture 12.07 (856370),Activity Week 1 (759915),Activity Week 2 (752808),Activity Week 3 (752809),Activity Week 4 (752810),Activity Week 5 (752811),Activity Week 6 (752812),Activity Week 7 (752813),Activity Week 8 (752814),Activity Week 9 (752815),Activity Week 10 (752802),Activity Week 11 (752803),Activity Week 12 (752804),Activity Week 13 (752805),Activity Week 15 (752806),Activity Week 16 (752807),Midterm 1 (752797),Midterm 2 (752798),Maintenance - Midterm 1 (752795),Maintenance - Midterm 2  (752796),Final Exam (752793),Lecture Attendance & Participation Current Score,Lecture Attendance & Participation Unposted Current Score,Lecture Attendance & Participation Final Score,Lecture Attendance & Participation Unposted Final Score,Activity Attendance & Participation Current Score,Activity Attendance & Participation Unposted Current Score,Activity Attendance & Participation Final Score,Activity Attendance & Participation Unposted Final Score,Assignments Current Score,Assignments Unposted Current Score,Assignments Final Score,Assignments Unposted Final Score,Projects Current Score,Projects Unposted Current Score,Projects Final Score,Projects Unposted Final Score,Midterm Exams Current Score,Midterm Exams Unposted Current Score,Midterm Exams Final Score,Midterm Exams Unposted Final Score,Maintenance Current Score,Maintenance Unposted Current Score,Maintenance Final Score,Maintenance Unposted Final Score,Final Exam Current Score,Final Exam Unposted Current Score,Final Exam Final Score,Final Exam Unposted Final Score,Current Score,Unposted Current Score,Final Score,Unposted Final Score,Current Grade,Unposted Current Grade,Final Grade,Unposted Final Grade,Override Score,Override Grade,Override Status
    Points Possible,10,10,10,10,10,10,10,10,10,10,10,10,10,10,10,10,10,10,10,10,10,10,10,10,10,15,15,15,15,15,15,15,15,15,15,15,15,15,15,15,15,15,15,3,3,3,2,3,3,2,2,2,2,3,3,3,2,4,2,3,2,3,2,3,5,2,4,3,3,6,11,2,2,2,2,2,2,2,2,2,2,2,2,2,2,2,100,100,20,20,200,(read only),(read only),(read only),(read only),(read only),(read only),(read only),(read only),(read only),(read only),(read only),(read only),(read only),(read only),(read only),(read only),(read only),(read only),(read only),(read only),(read only),(read only),(read only),(read only),(read only),(read only),(read only),(read only),(read only),(read only),(read only),(read only),(read only),(read only),(read only),(read only),,(read only),
F23.01,10,9.67,9.08,4.7,10,10,9.18,10,9.05,10,10,10,10,9.47,10,10,10,9.36,9.75,10,9.8,10,7.48,10,7.22,0,15,0,0,0,0,0,13,0,0,0,0,0,15,0,0,0,0,3,3,3,1,3,3,2,2,2,2,3,3,3,2,3,2,3,2,3,2,3,5,2,4,0,3,6,0,2,2,2,2,2,2,2,2,2,2,2,2,2,2,2,83,89,20,20,152,98.63,98.63,98.63,98.63,100,100,100,100,97.06,97.06,97.06,97.06,95.56,95.56,95.56,95.56,86,86,86,86,100,100,100,100,76,76,76,76,90.73,90.73,90.73,90.73,A,A,A,A,,,
F23.02,10,9.34,1.15,9.3,3.47,10,10,10,9.43,0,10,10,0,0,0,3.17,0,0,10,0,0,0,0,10,10,0,0,0,0,15,0,0,0,0,0,3,0,0,0,0,0,12,0,3,3,3,0,3,0,0,0,2,2,3,3,3,0,4,2,0,2,3,0,3,4,2,4,0,3,6,0,2,2,2,2,2,2,2,0,2,2,2,2,2,2,2,82,89,20,20,183,80.56,80.56,80.56,80.56,100,100,100,100,57.21,57.21,57.21,57.21,66.67,66.67,66.67,66.67,85.5,85.5,85.5,85.5,100,100,100,100,91.5,91.5,91.5,91.5,77.7,77.7,77.7,77.7,C,C,C,C,,,
F23.03,10,10,9.54,9.7,9.57,10,10,10,9.44,10,10,10,9.31,9.74,10,9.48,10,9.68,9.75,9.41,10,10,10,10,10,0,0,0,11,0,0,0,0,0,12,0,0,0,0,0,13.5,0,0,3,2,3,2,3,2,1,2,2,1,3,3,2,1,3,2,2,2,3,2,2,4,2,4,3,3,6,9,2,2,2,2,2,2,2,2,2,2,2,2,2,2,2,91.5,81,20,20,182,89.19,89.19,89.19,89.19,100,100,100,100,98.85,98.85,98.85,98.85,81.11,81.11,81.11,81.11,86.25,86.25,86.25,86.25,100,100,100,100,91,91,91,91,90.86,90.86,90.86,90.86,A,A,A,A,,,
F23.04,9.16,9.34,9.09,9.4,10,0,9.58,9.76,9.62,1.86,10,9.37,9.08,7.61,0,0,0,4.69,0,9.41,9.8,9.44,9.37,5.66,10,0,10.5,0,0,0,0,0,13,0,0,0,0,0,15,0,0,0,0,3,3,3,2,3,3,1,2,1,1,3,3,3,1,4,2,3,2,3,1,3,5,2,4,3,3,5,0,2,2,2,2,2,2,2,2,2,2,2,0.6,2,2,2,75,22,20,20,75,94.59,94.59,94.59,94.59,100,100,100,100,78.29,78.29,78.29,78.29,85.56,85.56,85.56,85.56,48.5,48.5,48.5,48.5,100,100,100,100,37.5,37.5,37.5,37.5,67.31,67.31,67.31,67.31,D,D,D,D,,,
F23.05,7.5,7.34,10,5.9,9.57,8.22,8.53,4.52,7.38,9.63,10,8.44,6.34,8.67,2.93,0,8.34,4.21,7.25,9.41,8.4,10,8.44,5.99,10,14,0,0,0,0,0,15,0,0,0,0,0,15,0,0,0,0,0,3,3,3,1,3,3,2,2,2,2,3,3,3,2,0,2,3,2,0,0,3,5,0,3,0,3,5,7,2,2,2,2,2,2,2,2,2,2,0,2,2,2,2,75,70,20,20,117.9,86.08,86.08,86.08,86.08,100,100,100,100,81.75,81.75,81.75,81.75,97.78,97.78,97.78,97.78,72.5,72.5,72.5,72.5,100,100,100,100,58.95,58.95,58.95,58.95,80,80,80,80,B,B,B,B,,,
F23.06,10,10,9.54,9.6,9.56,9.28,8.78,9.76,8.86,10,10,10,0,7.63,8.91,9.47,9.16,8.4,8,8.82,0,10,8.11,8.65,2.59,0,0,13,0,0,0,0,0,10,0,0,0,0,0,13,0,0,0,3,3,3,2,3,3,2,2,2,2,3,3,3,2,4,2,3,2,3,2,3,5,2,4,3,3,6,11,2,2,2,2,2,2,2,2,2,2,2,2,2,0,0,52,63,20,20,130,100,100,100,100,100,100,100,100,86.08,86.08,86.08,86.08,80,80,80,80,57.5,57.5,57.5,57.5,100,100,100,100,65,65,65,65,75.52,75.52,75.52,75.52,C,C,C,C,,,
F23.07,10,10,9.54,9.6,9.12,10,10,10,9.81,10,10,9.37,10,10,10,9.47,10,9.68,10,9.41,10,9.71,10,9.33,10,0,0,0,0,15,0,0,0,0,0,15,0,0,14,0,0,0,0,3,3,3,2,3,3,2,2,2,2,3,3,3,2,3,2,3,2,3,2,3,5,2,4,3,3,6,11,2,2,2,2,2,2,2,0,2,0,2,0.6,2,2,2,95.5,83,20,20,184,100,100,100,100,94.62,94.62,94.62,94.62,98.74,98.74,98.74,98.74,97.78,97.78,97.78,97.78,89.25,89.25,89.25,89.25,100,100,100,100,92,92,92,92,94.66,94.66,94.66,94.66,A,A,A,A,,,
F23.08,10,10,10,9.7,10,10,9.2,10,9.62,10,10,9.37,9.31,9.73,10,10,3.32,7.66,3.13,10,10,9.71,5,10,9.63,0,0,0,0,0,10,0,0,0,0,0,15,0,0,0,0,0,15,3,3,3,2,3,3,2,2,2,2,3,3,3,2,4,2,3,2,3,2,3,5,2,3,3,3,6,11,2,2,2,2,2,2,2,2,2,2,2,2,2,2,2,93,91,20,20,181,100,100,100,100,100,100,100,100,95.18,95.18,95.18,95.18,88.89,88.89,88.89,88.89,92,92,92,92,100,100,100,100,90.5,90.5,90.5,90.5,93.3,93.3,93.3,93.3,A,A,A,A,,,
F23.09,10,9.34,0,10,10,8.94,4.68,9.76,9.24,10,0.14,4.68,0,6.58,7.94,6.85,0,9.05,10,0,3.4,5,10,7.85,9.63,0,0,0,0,14,0,0,0,0,0,11.5,0,0,0,0,0,0,0,3,3,3,2,3,2,1,2,0,1,3,3,3,2,4,2,2,2,2,1,3,5,2,3,0,3,5,0,2,2,2,2,0,2,0,2,0,2,2,2,2,0,2,66,75,20,20,142,89.04,89.04,89.04,89.04,84.62,84.62,84.62,84.62,74.13,74.13,74.13,74.13,56.67,56.67,56.67,56.67,70.5,70.5,70.5,70.5,100,100,100,100,71,71,71,71,72.52,72.52,72.52,72.52,C,C,C,C,,,
F23.10,9.17,9.34,10,9.7,9.13,8.58,8.38,9.28,8.86,4.26,9.73,10,7.93,7.62,8.34,8.94,7.51,9.06,9.25,7.07,7,8,8.74,4.99,9.26,0,0,9,0,0,0,0,0,14,0,0,0,0,0,11.5,0,0,0,EX,0,2,1,1,2,1,0,1,2,3,3,3,2,3,0,3,2,3,0,3,0,1,0,3,0,5,0,EX,2,2,2,2,2,2,2,2,2,2,0,2,1,0,64,64,20,20,115,66.67,66.67,66.67,66.67,95.83,95.83,95.83,95.83,88.1,88.1,88.1,88.1,76.67,76.67,76.67,76.67,64,64,64,64,100,100,100,100,57.5,57.5,57.5,57.5,74.48,74.48,74.48,74.48,C,C,C,C,,,
F23.11,10,9.67,5,5,9.14,0,10,10,9.44,9.63,8.11,9.37,0,2.1,9.72,9.47,0,7.77,4.63,8.23,0,9.72,8.74,1.83,4.63,14,0,0,0,0,0,13,0,0,0,0,0,11.5,0,0,0,0,0,3,3,3,0,2,3,2,2,1,2,3,3,3,2,3,2,3,1,3,2,3,5,2,4,3,3,5,0,2,2,0,2,2,2,2,2,2,0,2,0,2,2,2,88,78,20,20,155,94.59,94.59,94.59,94.59,92.31,92.31,92.31,92.31,73.73,73.73,73.73,73.73,85.56,85.56,85.56,85.56,83,83,83,83,100,100,100,100,77.5,77.5,77.5,77.5,82.13,82.13,82.13,82.13,B,B,B,B,,,
F23.12,10,9.67,10,10,10,10,10,10,10,5,10,8.74,9.09,9.74,10,5,10,8.08,10,10,10,5.87,3.74,10,10,0,15,0,0,0,0,0,14,0,0,0,0,0,14,0,0,0,0,3,3,0,2,3,3,1,2,2,0,3,3,3,2,4,2,3,2,3,2,3,4,0,0,2,2,6,0,2,0,2,2,2,2,2,2,1.5,0,0,2,2,2,2,98,97,20,20,187,88.73,88.73,88.73,88.73,90.38,90.38,90.38,90.38,96,96,96,96,95.56,95.56,95.56,95.56,97.5,97.5,97.5,97.5,100,100,100,100,93.5,93.5,93.5,93.5,95.56,95.56,95.56,95.56,A,A,A,A,,,
F23.13,5.02,0,10,3.6,8.71,5,0,9.04,10,8.15,8.91,3.76,0,3.14,1.96,0.8,8.32,0,0,0,0,0,0,0,0,0,0,11,0,0,0,0,0,0,0,0,12,0,0,0,0,0,0,3,3,2,2,1,3,1,2,2,1,3,2,3,2,0,2,3,2,3,2,2,4,2,0,0,0,0,0,2,2,2,2,0,2,2,2,2,2,2,0,2,0,0,49,10,20,0,0,73.53,73.53,73.53,73.53,84.62,84.62,84.62,84.62,39.28,39.28,39.28,39.28,51.11,51.11,51.11,51.11,29.5,29.5,29.5,29.5,50,50,50,50,0,0,0,0,36.74,36.74,36.74,36.74,F,F,F,F,,,
F23.14,10,9.67,10,9.3,9.57,10,10,10,9.43,10,10,10,10,10,10,10,10,10,10,10,10,10,10,10,10,15,0,0,0,0,0,12,0,0,0,0,0,15,0,0,0,0,0,3,3,3,2,3,3,2,2,2,2,3,3,3,2,4,2,3,2,3,2,3,5,2,4,3,3,6,11,2,2,2,2,2,2,2,2,2,2,2,2,2,2,2,80,92,20,20,163,100,100,100,100,100,100,100,100,99.85,99.85,99.85,99.85,93.33,93.33,93.33,93.33,86,86,86,86,100,100,100,100,81.5,81.5,81.5,81.5,91.99,91.99,91.99,91.99,A,A,A,A,,,
F23.15,10,9.34,9.54,10,10,9.64,9.79,10,9.62,10,10,10,10,10,10,10,10,10,10,10,10,10,10,10,10,0,0,0,0,0,15,0,0,14,0,0,0,0,0,14,0,0,0,3,3,3,2,3,3,2,2,2,2,3,3,3,2,4,2,3,2,3,2,3,5,2,2,3,3,6,11,2,2,2,2,2,2,2,2,2,2,2,2,2,2,2,97,90,20,20,173,100,100,100,100,100,100,100,100,99.74,99.74,99.74,99.74,95.56,95.56,95.56,95.56,93.5,93.5,93.5,93.5,100,100,100,100,86.5,86.5,86.5,86.5,95.29,95.29,95.29,95.29,A,A,A,A,,,
F23.16,9.17,9.33,9.1,4.5,9.13,9.64,8.97,10,10,10,9.73,9.37,9.78,7.37,9.72,9.47,9.17,10,10,10,9.8,10,10,9.32,10,0,0,0,8,0,0,0,0,0,0,15,0,0,0,0,0,15,0,3,3,3,2,3,3,2,2,2,2,2,3,3,2,3,0,3,2,3,2,2,0,2,4,3,3,6,11,0,2,2,2,2,2,2,2,2,2,2,0,2,2,2,39.5,54,20,20,103,97.47,97.47,97.47,97.47,100,100,100,100,96.7,96.7,96.7,96.7,84.44,84.44,84.44,84.44,46.75,46.75,46.75,46.75,100,100,100,100,51.5,51.5,51.5,51.5,73.46,73.46,73.46,73.46,C,C,C,C,,,
F23.17,10,10,10,9.6,9.57,10,10,10,9.81,10,10,8.12,10,10,10,10,10,10,0,9.41,9.8,5,5,9.51,0,0,12,0,0,0,0,0,12,0,0,0,0,0,0,14,0,0,0,3,3,3,0,3,3,0,2,2,2,0,3,3,2,4,2,2,2,0,2,3,5,2,2,3,1,1,0,0,2,0,2,2,2,0,2,0,2,2,0,2,2,0,94,75,20,20,124,82.61,82.61,82.61,82.61,69.23,69.23,69.23,69.23,89.86,89.86,89.86,89.86,84.44,84.44,84.44,84.44,84.5,84.5,84.5,84.5,100,100,100,100,62,62,62,62,82.37,82.37,82.37,82.37,B,B,B,B,,,
F23.18,10,9.67,9.54,10,9.57,9.64,9.58,10,9.62,10,10,10,10,10,10,9.47,10,9.68,8.25,9.41,10,9.71,10,9.67,9.63,0,13,0,0,0,0,0,13,0,0,0,0,0,15,0,0,0,0,3,3,3,0,3,3,2,2,2,2,3,3,3,2,4,2,3,0,3,2,3,5,2,4,3,3,6,0,2,2,0,2,2,2,2,2,2,2,0,2,2,2,0,94.5,91,20,20,158,100,100,100,100,92.31,92.31,92.31,92.31,97.74,97.74,97.74,97.74,91.11,91.11,91.11,91.11,92.75,92.75,92.75,92.75,100,100,100,100,79,79,79,79,92.39,92.39,92.39,92.39,A,A,A,A,,,
F23.19,10,9.34,8.62,9,9.56,9.64,9.59,10,9.05,9.26,10,10,1.15,5.21,1.96,10,5.83,4.68,9.25,9.41,0,4.86,10,9.32,10,0,0,13,0,0,0,0,0,15,0,0,0,0,12,0,0,0,0,3,3,0,0,3,3,2,2,2,2,3,3,3,0,3,2,3,1,3,2,3,4,2,4,3,3,6,8,2,2,0,2,2,2,2,0,2,2,2,2,2,2,2,90,73,20,20,91,93.15,93.15,93.15,93.15,100,100,100,100,85.43,85.43,85.43,85.43,88.89,88.89,88.89,88.89,81.5,81.5,81.5,81.5,100,100,100,100,45.5,45.5,45.5,45.5,80.62,80.62,80.62,80.62,B,B,B,B,,,
F23.20,10,9.66,9.09,0,9.57,10,10,10,9.43,9.63,10,8.74,9.32,4.87,1.82,9.47,7.51,8.72,10,10,10,10,10,9.66,9.63,0,0,13,0,0,0,0,0,15,0,0,0,0,0,0,0,0,11,3,3,3,0,3,0,0,0,2,0,3,0,3,2,4,0,0,2,3,2,3,5,2,0,0,0,6,11,2,2,2,2,2,2,2,2,2,2,2,2,2,0,2,97,92,20,20,166,75.95,75.95,75.95,75.95,100,100,100,100,95.65,95.65,95.65,95.65,86.67,86.67,86.67,86.67,94.5,94.5,94.5,94.5,100,100,100,100,83,83,83,83,91.51,91.51,91.51,91.51,A,A,A,A,,,
F23.21,6.67,0,9.08,1.5,7.85,2.33,2.65,8.32,8.5,7.78,10,3.12,0,0,0.84,4.23,1.66,0,0,0,0,0,0,0,0,0,0,0,0,11,0,0,0,15,0,0,0,0,0,0,0,0,0,3,3,3,2,3,3,2,2,0,2,3,3,3,2,4,2,3,2,3,2,3,5,2,4,0,1,0,0,2,2,2,2,2,2,0,2,2,2,2,2,2,0,0,40.5,12,0,0,0,94.2,94.2,94.2,94.2,92.31,92.31,92.31,92.31,33.88,33.88,33.88,33.88,57.78,57.78,57.78,57.78,26.25,26.25,26.25,26.25,0,0,0,0,0,0,0,0,34.34,34.34,34.34,34.34,F,F,F,F,,,
F23.22,0,0,0,0,0.88,5.38,0,0,0,0,0,0,0,0,0,0,0,0,0,0,0,0,0,0,0,0,0,0,0,0,0,0,0,0,0,0,0,0,0,0,0,0,0,3,3,2,1,3,2,1,2,1,2,3,1,3,1,4,2,0,0,0,1,0,3,0,3,0,3,0,0,2,2,2,2,2,2,0,2,2,2,2,0,0,0,0,49,0,0,0,0,63.77,63.77,63.77,63.77,76.92,76.92,76.92,76.92,2.85,2.85,2.85,2.85,0,0,0,0,24.5,24.5,24.5,24.5,0,0,0,0,0,0,0,0,15.1,15.1,15.1,15.1,F,F,F,F,,,
F23.23,10,9.33,10,9.6,10,10,9.58,10,9.81,10,10,10,10,9.47,10,10,10,8.1,10,10,9.8,10,10,8.98,10,0,0,10,0,0,0,0,10,0,0,0,0,0,15,0,0,0,0,3,3,3,2,3,3,2,2,0,2,3,3,3,2,4,2,3,2,3,2,3,5,2,4,3,3,6,11,2,2,2,2,2,2,2,2,2,2,2,2,2,2,2,85,68,20,20,122,100,100,100,100,100,100,100,100,99.21,99.21,99.21,99.21,77.78,77.78,77.78,77.78,76.5,76.5,76.5,76.5,100,100,100,100,61,61,61,61,83.57,83.57,83.57,83.57,B,B,B,B,,,
F23.24,10,10,9.54,10,9.14,9.65,9.59,10,8.11,8.52,10,10,10,10,10,9.47,8.34,9.68,10,10,9.6,10,10,8.98,10,0,0,0,8,0,0,0,0,0,11,0,0,0,0,0,15,0,0,3,3,3,2,3,3,2,2,2,2,3,3,3,2,4,2,3,2,3,2,3,5,2,4,3,3,6,11,2,2,2,2,2,2,2,2,2,2,2,2,2,2,2,76,76,20,20,127,100,100,100,100,100,100,100,100,98.02,98.02,98.02,98.02,75.56,75.56,75.56,75.56,76,76,76,76,100,100,100,100,63.5,63.5,63.5,63.5,83.16,83.16,83.16,83.16,B,B,B,B,,,
F23.25,10,9.34,10,9.6,10,9.64,9.79,10,9.24,9.63,10,9.37,9.32,9.73,9.73,8.94,8.33,10,9.75,9.41,10,10,9.37,10,10,0,0,0,0,0,15,0,0,0,0,0,15,0,0,0,0,0,15,3,3,3,2,3,3,2,2,2,2,3,3,3,2,4,2,3,2,3,2,3,5,2,4,3,3,6,11,2,2,2,2,2,2,2,2,2,2,2,2,2,2,2,93,95,20,20,159,100,100,100,100,100,100,100,100,97.58,97.58,97.58,97.58,100,100,100,100,94,94,94,94,100,100,100,100,79.5,79.5,79.5,79.5,94.52,94.52,94.52,94.52,A,A,A,A,,,
F23.26,10,4.83,8.63,4.55,9.57,9.64,0.84,2.72,2.91,4.82,5,3.75,0.66,0.26,8.91,4.74,9.16,9.36,0.38,0,8,5,9.38,0,0,0,7,0,0,0,0,0,14,0,0,0,0,0,0,0,0,0,0,EX,0,3,2,3,3,1,2,2,2,3,3,3,2,4,2,3,2,2,0,3,5,0,0,3,0,4,10,2,2,2,2,2,2,2,2,2,2,0,2,2,2,2,56.5,81,0,20,101,88.16,88.16,88.16,88.16,100,100,100,100,55.83,55.83,55.83,55.83,46.67,46.67,46.67,46.67,68.75,68.75,68.75,68.75,50,50,50,50,50.5,50.5,50.5,50.5,61.07,61.07,61.07,61.07,D,D,D,D,,,
F23.27,10,9.67,10,9,8.24,10,8.12,10,8.86,7.78,10,10,0,7.36,8.9,8.94,10,8.44,9.25,9.41,4.3,9.42,8.74,8.98,10,0,0,11,0,0,0,0,0,15,0,0,0,0,0,12,0,0,0,3,3,3,2,3,3,2,2,2,2,3,3,2,2,4,0,3,2,3,2,3,5,1,3,3,3,5,9,2,2,2,2,2,2,2,2,2,2,0,2,2,2,2,67,32,20,20,65.7,95.95,95.95,95.95,95.95,100,100,100,100,91.03,91.03,91.03,91.03,84.44,84.44,84.44,84.44,49.5,49.5,49.5,49.5,100,100,100,100,32.85,32.85,32.85,32.85,70,70,70,70,C,C,C,C,,,
F23.28,0,0,0,1.5,9.56,10,8.15,8.8,8.3,10,10,9.37,2.67,0,0,0,0,4.53,5.25,8.23,8.6,5.04,6.25,0,0,0,0,0,0,0,7,0,12,0,0,0,0,0,0,0,0,0,0,3,3,3,2,3,0,1,2,2,2,3,3,3,2,4,0,2,2,0,0,2,4,1,2,0,0,0,0,2,2,2,2,2,2,2,2,2,2,0,0,0,0,0,58,0,0,0,0,71.01,71.01,71.01,71.01,76.92,76.92,76.92,76.92,52.84,52.84,52.84,52.84,42.22,42.22,42.22,42.22,29,29,29,29,0,0,0,0,0,0,0,0,35.64,35.64,35.64,35.64,F,F,F,F,,,
F23.29,10,9.67,10,0,9.57,9.64,9.6,10,9.81,10,10,10,10,9.73,9.72,10,10,10,10,9.41,9.8,10,10,9.67,10,0,0,0,15,0,0,0,0,0,0,0,15,0,0,0,0,0,15,3,3,3,2,3,3,2,2,2,2,3,3,3,2,4,1,3,2,3,0,3,5,2,4,3,3,5,11,2,2,2,2,2,2,2,2,2,2,2,2,2,2,2,98,93,20,20,175,100,100,100,100,100,100,100,100,98.93,98.93,98.93,98.93,100,100,100,100,95.5,95.5,95.5,95.5,100,100,100,100,87.5,87.5,87.5,87.5,96.51,96.51,96.51,96.51,A,A,A,A,,,
F23.30,10,10,9.54,5,10,10,3.07,4.64,9.62,8.15,0,0.31,0,0,0,1.58,0,0,0,0,0,0,0,0,10,0,0,0,0,15,0,0,0,0,0,15,0,0,0,0,0,11,0,3,3,2,1,3,1,2,2,1,2,0,0,0,0,0,0,0,2,0,2,2,0,0,1,1,0,0,0,2,0,2,2,2,2,2,0,0,2,2,2,2,0,0,82,55,20,0,76,41.79,41.79,41.79,41.79,76.92,76.92,76.92,76.92,41.78,41.78,41.78,41.78,91.11,91.11,91.11,91.11,68.5,68.5,68.5,68.5,50,50,50,50,38,38,38,38,58.8,58.8,58.8,58.8,F,F,F,F,,,
F23.31,10,4.84,4.77,9.7,9.57,10,9.2,10,9.81,10,10,10,10,10,10,10,10,7.18,10,10,10,0,7.48,5,10,0,0,12,0,0,0,0,0,13,0,0,0,0,0,15,0,0,0,3,3,3,2,2,3,2,2,2,2,3,3,3,2,4,2,3,2,3,2,3,5,2,4,3,3,6,11,2,2,2,2,2,2,2,2,2,2,2,2,2,2,2,89,94,20,20,186,100,100,100,100,100,100,100,100,94.52,94.52,94.52,94.52,88.89,88.89,88.89,88.89,91.5,91.5,91.5,91.5,100,100,100,100,93,93,93,93,93.36,93.36,93.36,93.36,A,A,A,A,,,
F23.32,10,9.33,8.19,9,7.42,5.39,8.13,8.32,8.67,7.03,10,8.11,0,5.78,9.17,8.95,4.17,7.15,8.25,7.65,8.2,10,8.12,5.34,8.52,0,10,0,0,0,0,0,14,0,0,0,0,0,13.5,0,0,0,0,3,3,3,2,3,3,2,2,2,2,3,3,3,2,4,2,3,2,3,2,0,5,2,4,3,3,6,11,2,2,2,2,2,2,2,2,2,2,2,2,2,0,2,61,57,20,20,94,100,100,100,100,100,100,100,100,82.45,82.45,82.45,82.45,83.33,83.33,83.33,83.33,59,59,59,59,100,100,100,100,47,47,47,47,72.86,72.86,72.86,72.86,C,C,C,C,,,
F23.33,0,10,10,9.7,9.57,10,10,10,9.81,10,10,9.37,0,2.36,10,10,10,8.08,9.75,10,10,10,10,10,10,0,0,0,0,15,0,0,0,0,0,15,0,0,0,0,0,15,0,3,3,3,2,2,2,1,2,2,2,3,3,3,1,4,0,3,2,3,1,2,5,2,2,3,3,6,10,2,2,0,2,2,2,2,2,1.5,2,2,2,2,2,2,99,95,20,20,194,92.59,92.59,92.59,92.59,100,100,100,100,98.31,98.31,98.31,98.31,100,100,100,100,97,97,97,97,100,100,100,100,97,97,97,97,97.86,97.86,97.86,97.86,A,A,A,A,,,
F23.34,10,8.98,9.54,9.7,8.71,9.28,3.34,8.8,9.05,9.63,10,9.37,0,1.05,2.24,0,0,0,0,0,0,0,0,0,0,0,0,0,0,0,0,0,1,0,0,0,0,0,0,0,0,0,0,0,0,3,2,3,2,0,0,0,2,0,3,2,2,4,2,0,2,0,2,0,0,0,0,0,0,0,0,2,0,2,2,0,0,2,0,1,0,0,0,0,0,0,56,0,10,0,0,43.28,43.28,43.28,43.28,34.62,34.62,34.62,34.62,49.85,49.85,49.85,49.85,2.22,2.22,2.22,2.22,28,28,28,28,25,25,25,25,0,0,0,0,26.34,26.34,26.34,26.34,F,F,F,F,,,
F23.35,10,9.67,10,9.7,10,10,9.6,10,8.68,10,10,9.37,9.56,9.73,10,10,10,9.37,10,10,10,10,7.48,9.66,10,0,0,15,0,0,0,0,0,15,0,0,0,0,0,14,0,0,0,3,3,3,2,3,3,2,2,2,2,3,3,3,2,4,2,3,2,3,2,3,5,2,4,3,3,6,11,2,2,0,2,2,2,2,2,2,2,2,2,2,2,2,100,98,20,20,190,100,100,100,100,100,100,100,100,98.77,98.77,98.77,98.77,97.78,97.78,97.78,97.78,99,99,99,99,100,100,100,100,95,95,95,95,98.31,98.31,98.31,98.31,A,A,A,A,,,
F23.36,9.16,8.67,10,9.4,9.14,9.64,9.58,10,8.69,10,10,9.37,9.08,8.15,9.45,8.43,5,0,10,8.23,10,10,8.74,6.97,8.15,0,15,0,0,0,0,0,13,0,0,0,0,0,15,0,0,0,0,3,3,3,2,3,3,2,2,2,2,3,3,3,2,4,2,3,1,3,2,3,5,2,4,3,3,6,10,2,2,2,2,2,2,2,2,2,2,2,0,2,2,2,74,59,20,20,128,100,100,100,100,100,100,100,100,92.67,92.67,92.67,92.67,95.56,95.56,95.56,95.56,66.5,66.5,66.5,66.5,100,100,100,100,64,64,64,64,82.05,82.05,82.05,82.05,B,B,B,B,,,
F23.37,10,9.67,10,10,9.14,8.92,10,10,9.44,7.04,10,8.74,9.08,9.73,10,9.47,9.17,0,5,9.41,9.6,9.72,9.37,0,10,0,9,0,0,0,0,0,0,0,14,0,0,0,12.5,0,0,0,0,3,3,2,2,3,3,2,2,2,2,3,3,3,2,4,2,3,2,3,2,3,4,1,1,3,3,6,11,2,2,2,2,2,2,2,0,2,0,2,0,2,0,0,86,72,20,20,154,98.75,98.75,98.75,98.75,76.92,76.92,76.92,76.92,93.85,93.85,93.85,93.85,78.89,78.89,78.89,78.89,79,79,79,79,100,100,100,100,77,77,77,77,84.33,84.33,84.33,84.33,B,B,B,B,,,
F23.38,10,10,10,10,10,10,8.11,10,9.62,8.15,10,4.99,0,0,10,6.86,10,8.08,8.25,8.82,9.8,10,10,7.17,7.78,0,0,0,10,0,0,0,0,0,14,0,0,0,0,0,12,0,0,3,3,3,2,3,3,2,2,2,2,3,3,3,2,4,2,2,2,0,2,3,5,2,0,0,3,0,0,2,2,2,2,2,2,2,2,2,2,0,2,2,0,2,92,69,20,0,118,89.71,89.71,89.71,89.71,100,100,100,100,92.11,92.11,92.11,92.11,80,80,80,80,80.5,80.5,80.5,80.5,50,50,50,50,59,59,59,59,80.01,80.01,80.01,80.01,B,B,B,B,,,
F23.39,8.33,9.01,8.18,0,0,0.36,0,0,7.91,7.78,10,10,5.47,6.07,1.96,6.86,9.17,10,0,0,0,0,7.5,7.32,7.78,0,0,0,9,0,0,0,0,0,0,0,15,8.5,0,0,0,0,0,3,3,3,2,3,3,0,2,0,2,3,0,3,2,3,2,3,2,3,2,2,5,0,0,3,3,0,11,2,0,2,2,2,2,2,2,2,2,2,2,2,2,2,67.5,42,20,20,75,89.47,89.47,89.47,89.47,100,100,100,100,56.23,56.23,56.23,56.23,72.22,72.22,72.22,72.22,54.75,54.75,54.75,54.75,100,100,100,100,37.5,37.5,37.5,37.5,61.41,61.41,61.41,61.41,D,D,D,D,,,
F23.40,10,9.67,10,9.7,8.28,10,10,10,10,8.52,10,8.75,8.62,3.4,10,6.33,7.49,10,7.75,10,10,10,10,9.67,10,0,0,0,0,0,14,0,0,0,0,15,0,0,0,0,0,15,0,3,3,3,1,0,2,2,2,0,2,3,1,1,2,2,2,2,2,3,0,0,2,2,3,3,3,6,0,2,2,2,2,2,2,0,2,2,0,2,0,2,2,2,81.5,75,20,20,104,76.39,76.39,76.39,76.39,92.31,92.31,92.31,92.31,95.89,95.89,95.89,95.89,97.78,97.78,97.78,97.78,78.25,78.25,78.25,78.25,100,100,100,100,52,52,52,52,83.35,83.35,83.35,83.35,B,B,B,B,,,
F23.41,0,9.34,10,5,9.56,5,9.37,10,10,10,10,9.37,8.86,9.47,4.87,9.47,8.34,10,5,10,9.2,10,9.37,0.99,7.41,0,0,9,0,0,0,0,0,0,0,15,0,0,0,0,0,15,0,3,3,2,2,3,3,1,2,1,1,3,2,3,2,2,2,3,2,3,2,3,5,2,3,3,3,6,11,2,2,2,2,2,2,2,2,2,2,0,2,2,0,2,59,53,20,20,125,95.06,95.06,95.06,95.06,100,100,100,100,88.53,88.53,88.53,88.53,86.67,86.67,86.67,86.67,56,56,56,56,100,100,100,100,62.5,62.5,62.5,62.5,76.06,76.06,76.06,76.06,C,C,C,C,,,
F23.42,10,10,10,10,9.13,10,10,10,9.25,10,10,10,9.77,10,10,10,10,10,10,10,10,10,10,10,10,0,15,0,0,0,0,0,15,0,0,0,0,0,15,0,0,0,0,3,3,3,2,3,3,2,2,2,2,3,3,3,2,4,2,3,2,3,2,3,5,1,4,3,3,4,11,2,2,2,2,2,2,2,2,2,2,2,2,2,0,2,77,90,20,20,180,100,100,100,100,100,100,100,100,100,100,100,100,100,100,100,100,83.5,83.5,83.5,83.5,100,100,100,100,90,90,90,90,93.55,93.55,93.55,93.55,A,A,A,A,,,
F23.43,10,10,10,9.6,9.57,10,10,10,9.64,10,10,10,10,10,10,10,10,10,10,10,10,10,10,10,10,0,0,15,0,0,0,0,0,15,0,0,0,0,0,15,0,0,0,3,3,3,2,3,3,2,2,2,2,3,3,3,2,4,2,3,2,3,2,3,5,2,3,3,3,6,11,2,2,2,2,2,2,2,2,2,2,2,2,2,2,2,92.5,98,20,20,188,100,100,100,100,100,100,100,100,100,100,100,100,100,100,100,100,95.25,95.25,95.25,95.25,100,100,100,100,94,94,94,94,97.68,97.68,97.68,97.68,A,A,A,A,,,
F23.44,10,10,9.54,9.7,9.57,10,10,10,9.05,7.78,9.46,9.37,1.84,0.52,0,4.74,9.17,1.55,2.25,9.41,9.6,10,8.74,5.17,9.63,15,0,0,0,0,0,15,0,0,0,0,0,12.5,0,0,0,0,0,3,3,2,2,2,3,2,2,1,2,3,3,3,1,3,2,0,2,2,2,2,0,2,1,2,1,6,0,2,2,2,2,2,2,2,2,2,2,2,2,2,0,1,91.5,62,20,20,125,81.43,81.43,81.43,81.43,100,100,100,100,84.1,84.1,84.1,84.1,94.44,94.44,94.44,94.44,76.75,76.75,76.75,76.75,100,100,100,100,62.5,62.5,62.5,62.5,81.66,81.66,81.66,81.66,B,B,B,B,,,
F23.45,10,10,10,10,10,10,10,10,9.81,10,10,10,10,10,10,10,10,10,10,10,9.8,10,10,10,10,15,0,0,0,0,0,15,0,0,0,0,0,15,0,0,0,0,0,3,3,3,2,3,3,2,2,2,2,3,3,3,2,0,2,3,2,3,2,3,5,2,4,3,3,6,0,2,2,2,2,2,2,0,2,2,2,0,2,2,2,0,95.5,97,20,20,194,100,100,100,100,92.31,92.31,92.31,92.31,99.91,99.91,99.91,99.91,100,100,100,100,96.25,96.25,96.25,96.25,100,100,100,100,97,97,97,97,98.02,98.02,98.02,98.02,A,A,A,A,,,
F23.46,0,9.67,9.09,10,10,10,5,5,9.81,10,10,10,10,9.21,5.98,5,10,0,10,10,10,10,10,9.66,9.63,14,0,0,0,0,0,15,0,0,0,0,0,14,0,0,0,0,0,3,2,2,2,3,3,2,1,2,2,2,3,3,2,4,2,3,2,3,2,3,5,2,4,3,3,6,11,2,0,2,2,2,2,2,2,2,2,0,2,2,2,2,91,92,20,20,179,98.77,98.77,98.77,98.77,100,100,100,100,92.3,92.3,92.3,92.3,95.56,95.56,95.56,95.56,91.5,91.5,91.5,91.5,100,100,100,100,89.5,89.5,89.5,89.5,93.22,93.22,93.22,93.22,A,A,A,A,,,
F23.47,10,0,0,0,6.54,0,8.76,10,7.92,7.78,0,0,9.08,8.68,10,0,10,9.68,9.75,8.83,9.6,9.71,7.5,0,9.63,0,0,0,0,0,5,0,0,0,0,0,15,0,0,0,0,0,13.5,3,0,3,0,3,0,0,2,0,2,0,0,2,2,0,0,2,2,3,2,3,2,0,0,3,2,1,0,2,0,2,0,2,2,2,0,2,2,2,2,2,0,0,72,70,20,20,114.7,52.94,52.94,52.94,52.94,76.92,76.92,76.92,76.92,69.75,69.75,69.75,69.75,74.44,74.44,74.44,74.44,71,71,71,71,100,100,100,100,57.35,57.35,57.35,57.35,70,70,70,70,C,C,C,C,,,
F23.48,0,9.33,9.54,9.3,8.68,10,9.79,9.76,9.43,10,10,10,9.77,9.73,10,10,10,9.37,10,10,8.4,10,8.11,9.33,10,0,10,0,0,0,0,0,15,0,0,0,0,0,15,0,0,0,0,3,3,0,2,0,0,1,0,1,2,0,2,2,2,4,2,0,0,0,2,0,0,0,0,0,0,5,10,0,2,0,0,1,2,0,2,2,2,0,0,2,1.5,2,74,83,20,20,157,53.25,53.25,53.25,53.25,63.46,63.46,63.46,63.46,97.16,97.16,97.16,97.16,88.89,88.89,88.89,88.89,78.5,78.5,78.5,78.5,100,100,100,100,78.5,78.5,78.5,78.5,83.78,83.78,83.78,83.78,B,B,B,B,,,
F23.49,10,9.33,9.54,0,0,0,9.37,0,9.62,7.78,0,7.5,0,0,0,0,0,0,0,0,0,0,0,0,0,0,0,0,0,0,10.5,0,0,0,0,0,0,0,0,0,0,0,0,3,3,3,2,3,2,1,0,0,0,3,3,2,1,4,2,3,0,0,0,0,0,0,0,0,0,0,0,2,2,2,2,2,2,2,2,0,0,0,0,0,0,0,84,0,20,0,0,52.24,52.24,52.24,52.24,61.54,61.54,61.54,61.54,28.7,28.7,28.7,28.7,23.33,23.33,23.33,23.33,42,42,42,42,50,50,50,50,0,0,0,0,31.46,31.46,31.46,31.46,F,F,F,F,,,
F23.50,10,8.99,7.27,9,9.14,9.65,8.13,8.56,9.82,8.52,10,8.74,8.2,8.95,9.72,7.38,8.34,10,0,8.23,9.6,9.71,4.06,8.65,0,0,0,0,8,0,0,0,0,0,0,15,0,0,0,0,0,15,0,3,3,0,0,1,2,2,2,2,0,3,1,0,2,3,0,0,2,2,1,2,0,2,0,0,2,0,0,2,0,0,2,2,2,2,2,2,0,2,2,2,2,2,42,23,0,20,72,52.24,52.24,52.24,52.24,92.31,92.31,92.31,92.31,82.7,82.7,82.7,82.7,84.44,84.44,84.44,84.44,32.5,32.5,32.5,32.5,50,50,50,50,36,36,36,36,58.22,58.22,58.22,58.22,F,F,F,F,,,
F23.51,10,10,7.27,9.3,6.56,7.17,0.41,0.23,9.44,8.15,10,5.61,6.79,8.68,1.68,3.17,0,0,8.25,5,9.8,5.87,10,8.32,7.04,0,0,0,0,0,5,0,0,0,10,0,0,0,0,0,0,0,0,3,3,3,2,3,3,2,2,2,2,3,3,3,2,4,0,0,2,0,0,0,0,0,0,3,3,6,11,2,2,2,2,2,2,2,2,2,2,0,0,0,0,2,71.5,0,20,0,123,84.42,84.42,84.42,84.42,84.62,84.62,84.62,84.62,71.97,71.97,71.97,71.97,33.33,33.33,33.33,33.33,35.75,35.75,35.75,35.75,50,50,50,50,61.5,61.5,61.5,61.5,53.89,53.89,53.89,53.89,F,F,F,F,,,
F23.52,10,10,9.09,9.6,9.56,8.93,9.8,10,9.81,10,5,10,10,2.34,5,10,10,5,7.88,10,10,10,10,10,8.15,0,0,0,0,13.5,0,0,0,0,0,15,0,0,0,0,0,15,0,3,3,3,2,3,3,2,2,1,2,3,3,3,2,2,2,3,2,3,2,3,5,2,4,3,3,6,11,2,2,2,2,2,2,2,2,2,2,2,2,2,2,2,92,81,20,20,177,100,100,100,100,100,100,100,100,94.46,94.46,94.46,94.46,96.67,96.67,96.67,96.67,86.5,86.5,86.5,86.5,100,100,100,100,88.5,88.5,88.5,88.5,92.34,92.34,92.34,92.34,A,A,A,A,,,
F23.53,10,9.01,9.54,10,9.57,10,9.2,10,10,10,10,10,10,10,9.72,10,10,10,10,10,10,10,10,10,10,0,0,0,0,15,0,0,0,0,0,15,0,0,0,0,0,15,0,3,3,3,2,3,3,2,2,2,2,3,3,3,2,4,2,3,2,3,2,3,5,2,4,3,3,6,11,2,2,2,2,2,2,2,2,2,2,2,2,2,2,2,67.5,82,20,20,127,100,100,100,100,100,100,100,100,99.68,99.68,99.68,99.68,100,100,100,100,74.75,74.75,74.75,74.75,100,100,100,100,63.5,63.5,63.5,63.5,86.87,86.87,86.87,86.87,B,B,B,B,,,
F23.54,0,9.34,5,10,10,10,10,3.56,8.29,8.15,10,9.37,0,9.48,7.24,5.81,7.51,8.41,10,7.64,10,9.42,7.48,9,7.78,0,0,12,0,0,0,0,0,13,0,0,0,0,0,14,0,0,0,EX,EX,2,2,3,2,1,0,1,0,0,1,0,0,4,1,3,2,3,2,0,1,1,1,1,3,5,9,EX,2,2,2,0,2,2,2,2,2,0,2,2,1,0,70,71,20,20,149,65.28,65.28,65.28,65.28,87.5,87.5,87.5,87.5,85.67,85.67,85.67,85.67,86.67,86.67,86.67,86.67,70.5,70.5,70.5,70.5,100,100,100,100,74.5,74.5,74.5,74.5,79.38,79.38,79.38,79.38,C,C,C,C,,,
F23.55,10,8.99,10,5,9.57,10,10,10,9.24,10,10,10,10,9.08,9.72,9.47,10,0.31,10,10,10,9.72,10,10,10,0,0,0,0,14.7,0,0,0,0,0,15,0,0,0,0,0,14,0,3,3,3,2,2,3,2,2,1,2,3,3,3,1,4,2,3,2,3,2,3,5,2,4,2,3,6,11,2,2,2,2,2,2,2,2,2,0,2,1.8,2,0,2,69,80,20,20,130,98.78,98.78,98.78,98.78,99.23,99.23,99.23,99.23,98.55,98.55,98.55,98.55,97.11,97.11,97.11,97.11,74.5,74.5,74.5,74.5,100,100,100,100,65,65,65,65,86.2,86.2,86.2,86.2,B,B,B,B,,,
F23.56,10,10,9.08,9.6,9.57,10,10,10,10,10,10,10,9.31,8.93,10,10,10,9.38,10,10,9,10,10,10,10,0,15,0,0,0,0,0,13,0,0,0,0,0,12.5,0,0,0,0,3,3,3,2,3,3,2,2,2,0,3,3,0,0,0,0,3,2,EX,EX,3,0,0,0,0,0,0,11,2,2,2,2,2,2,2,2,0,2,EX,2,2,2,2,92,89,20,20,178,69.57,69.57,69.57,69.57,100,100,100,100,98.89,98.89,98.89,98.89,90,90,90,90,90.5,90.5,90.5,90.5,100,100,100,100,89,89,89,89,92.2,92.2,92.2,92.2,A,A,A,A,,,
F23.57,9.16,9.34,9.54,8.7,9.14,8.92,9.59,10,4.37,8.15,0,10,0,0,0,6.33,7.49,8.74,0,0,0,0,0,0,0,0,0,8,0,0,0,0,0,0,0,0,0,0,0,0,0,0,0,3,3,3,0,3,3,2,2,2,2,3,0,3,2,3,2,3,2,0,2,2,5,2,0,0,0,0,0,2,2,2,2,0,2,0,0,0,0,0,0,2,0,0,71,16,20,0,0,76.47,76.47,76.47,76.47,46.15,46.15,46.15,46.15,54.3,54.3,54.3,54.3,17.78,17.78,17.78,17.78,43.5,43.5,43.5,43.5,50,50,50,50,0,0,0,0,37.92,37.92,37.92,37.92,F,F,F,F,,,
F23.58,10,9,9.54,10,10,10,9.58,10,8.88,8.52,10,10,9.78,9.73,10,9.47,9.17,10,10,10,10,10,10,9.32,8.52,0,0,0,0,0,15,0,0,0,0,0,14,0,0,0,0,0,15,3,3,3,2,3,3,2,2,2,2,3,3,3,2,3,2,3,2,3,2,3,5,2,4,3,3,6,11,2,2,2,2,2,2,2,2,2,2,2,2,2,2,2,84,89,20,20,166,100,100,100,100,100,100,100,100,97.78,97.78,97.78,97.78,97.78,97.78,97.78,97.78,86.5,86.5,86.5,86.5,100,100,100,100,83,83,83,83,92.51,92.51,92.51,92.51,A,A,A,A,,,
F23.59,10,9.34,10,9.6,10,10,8.99,10,10,10,10,10,9.77,10,9.72,8.94,10,9.38,10,8.82,10,10,8.74,10,10,0,0,0,0,0,14,0,0,15,0,0,0,0,0,15,0,0,0,3,3,3,2,3,3,2,2,2,2,3,3,3,2,4,2,3,0,3,2,3,5,2,0,3,3,6,11,2,2,2,2,2,2,2,2,2,2,2,2,2,2,2,96,92,20,20,151,100,100,100,100,100,100,100,100,98.55,98.55,98.55,98.55,97.78,97.78,97.78,97.78,94,94,94,94,100,100,100,100,75.5,75.5,75.5,75.5,93.83,93.83,93.83,93.83,A,A,A,A,,,
F23.60,10,10,8.18,8.5,9.57,10,0,8.8,10,0,10,8.75,0,0,0,4.47,10,0,7.75,0,9.8,10,3.1,0,8.15,0,13,0,0,0,0,0,0,0,0,0,15,0,0,0,0,9,0,3,3,3,2,3,3,2,2,2,0,3,3,3,2,4,2,3,0,2,0,3,5,1,2,3,3,0,11,2,2,2,2,2,2,2,2,2,2,2,2,2,2,2,68,43,20,20,92,92.41,92.41,92.41,92.41,100,100,100,100,66.85,66.85,66.85,66.85,82.22,82.22,82.22,82.22,55.5,55.5,55.5,55.5,100,100,100,100,46,46,46,46,67.22,67.22,67.22,67.22,D,D,D,D,,,
F23.61,10,9.33,10,9.6,9.57,9.64,10,10,8.86,10,10,9.37,8.85,9.21,10,10,10,9.36,9.75,10,10,9.71,6.85,10,7.41,0,0,0,12,0,0,0,0,0,14,0,0,0,0,0,15,0,0,3,3,3,0,3,3,2,2,2,2,3,3,3,2,3,2,3,2,3,2,3,0,2,4,3,3,6,11,2,2,0,2,2,2,2,2,2,2,2,2,2,2,2,94,96,20,20,181,100,100,100,100,100,100,100,100,96.8,96.8,96.8,96.8,91.11,91.11,91.11,91.11,95,95,95,95,100,100,100,100,90.5,90.5,90.5,90.5,94.94,94.94,94.94,94.94,A,A,A,A,,,
F23.62,9.17,9.67,0,10,9.13,10,9.2,10,8.12,10,10,9.37,9.56,9.73,8.63,5.28,8.34,9.36,10,0,0,9.42,9.37,0,10,0,0,0,0,0,15,0,0,0,0,0,14,0,0,0,0,0,15,3,3,3,2,3,3,2,2,2,2,3,3,3,2,4,2,3,2,3,2,3,5,2,0,3,3,6,10,2,2,2,2,1,2,2,2,2,2,0,2,2,2,0,95,85,20,20,169,100,100,100,100,96.15,96.15,96.15,96.15,88.34,88.34,88.34,88.34,97.78,97.78,97.78,97.78,90,90,90,90,100,100,100,100,84.5,84.5,84.5,84.5,91.23,91.23,91.23,91.23,A,A,A,A,,,
F23.63,10,10,10,10,8.71,10,10,10,8.86,7.04,0,0,9.08,8.94,0,10,10,4.37,9.5,0,0,0,0,0.99,10,0,14,0,0,0,0,0,14,0,0,0,0,0,14,0,0,0,0,3,3,3,2,3,3,2,0,2,2,3,3,3,2,4,0,3,2,3,2,3,5,2,4,3,3,5,11,2,2,2,2,2,2,2,2,2,2,2,2,2,2,0,84,87,20,20,172,100,100,100,100,100,100,100,100,71.59,71.59,71.59,71.59,93.33,93.33,93.33,93.33,85.5,85.5,85.5,85.5,100,100,100,100,86,86,86,86,85.45,85.45,85.45,85.45,B,B,B,B,,,
F23.64,10,9.67,9.08,10,8.7,9.64,4.89,10,8.67,10,10,10,9.33,10,9.16,9.47,9.16,10,10,8.25,10,9.71,10,10,10,0,0,0,0,15,0,0,14,0,0,0,0,0,15,0,0,0,0,3,3,3,2,3,3,2,0,2,2,3,3,3,2,4,2,3,2,3,2,3,5,2,4,3,3,6,11,2,2,2,2,2,2,2,2,2,2,2,0.6,2,2,2,80,83,20,20,172,100,100,100,100,100,100,100,100,97.24,97.24,97.24,97.24,97.78,97.78,97.78,97.78,81.5,81.5,81.5,81.5,100,100,100,100,86,86,86,86,91.33,91.33,91.33,91.33,A,A,A,A,,,
F23.65,10,8,0,2.4,9.57,0,0,0,0,0,0,9.37,8.2,10,10,9.47,2.49,10,9.75,10,9.6,9.71,8.74,0,9.63,0,0,0,0,0,13,0,0,0,0,0,11,0,0,0,0,15,0,3,3,0,2,3,3,2,2,2,2,3,3,3,2,4,2,3,2,3,2,3,5,2,4,3,3,5,11,2,2,2,2,2,2,2,2,2,2,2,0,2,2,2,74,77,20,20,121,100,100,100,100,100,100,100,100,66.79,66.79,66.79,66.79,86.67,86.67,86.67,86.67,75.5,75.5,75.5,75.5,100,100,100,100,60.5,60.5,60.5,60.5,76.42,76.42,76.42,76.42,C,C,C,C,,,
F23.66,10,9.67,9.55,10,8.7,10,9.59,0,7.72,4.82,10,4.37,4.53,4.99,10,9.47,6.67,9.36,7.75,7.06,8.6,9.42,6.25,6.66,7.78,0,13,0,0,0,0,0,14,0,0,0,0,0,15,0,0,0,0,3,3,3,2,3,3,2,1,1,2,3,3,3,1,4,2,3,2,3,2,3,5,2,4,2,3,6,11,2,2,2,2,2,2,2,2,2,2,2,2,2,2,0,76.5,80,20,20,104,98.8,98.8,98.8,98.8,100,100,100,100,81.47,81.47,81.47,81.47,93.33,93.33,93.33,93.33,78.25,78.25,78.25,78.25,100,100,100,100,52,52,52,52,80.58,80.58,80.58,80.58,B,B,B,B,,,
F23.67,9.16,8.66,9.54,4.55,9.14,9.64,7.7,5,7.17,10,10,8.74,9.54,4.47,10,4.76,9.17,0.79,9,7.65,9.4,10,8.75,7.67,9.63,0,0,0,0,13,0,0,0,0,0,12,0,0,0,0,0,14,0,3,3,3,2,3,3,1,2,2,2,3,3,3,2,3,2,3,2,3,2,3,4,2,4,3,3,6,0,2,2,2,2,2,2,2,2,2,2,2,2,2,2,2,66,58,20,20,95,98.61,98.61,98.61,98.61,100,100,100,100,86.51,86.51,86.51,86.51,86.67,86.67,86.67,86.67,62,62,62,62,100,100,100,100,47.5,47.5,47.5,47.5,75.28,75.28,75.28,75.28,C,C,C,C,,,
F23.68,10,10,10,5,10,10,9.79,10,9.43,10,10,9.37,10,9.73,10,10,5,9.36,10,10,10,10,8.11,4.83,10,0,0,15,0,0,0,0,0,13,0,0,0,0,0,15,0,0,0,3,3,3,2,3,3,2,0,1,2,3,3,3,2,3,2,3,2,3,2,3,5,1,4,2,3,6,11,2,2,2,2,2,2,2,2,2,2,2,0,2,2,2,95,92,20,20,184,97.59,97.59,97.59,97.59,100,100,100,100,98.09,98.09,98.09,98.09,95.56,95.56,95.56,95.56,93.5,93.5,93.5,93.5,100,100,100,100,92,92,92,92,95.58,95.58,95.58,95.58,A,A,A,A,,,
F23.69,10,0,9.54,9.3,9.56,10,0,8.56,9.44,10,10,9.37,0,1.3,0,1.85,8.34,1.25,0.25,9.41,10,9.71,10,9.33,7.59,0,0,0,0,0,15,0,0,0,0,0,15,0,0,0,0,0,15,0,2,3,2,3,2,2,2,2,0,2,0,0,1,3,2,2,0,2,2,3,0,2,0,3,2,6,8,2,2,2,2,2,2,2,2,2,2,2,2,2,2,2,93,81,20,20,160,72.73,72.73,72.73,72.73,100,100,100,100,74.91,74.91,74.91,74.91,100,100,100,100,87,87,87,87,100,100,100,100,80,80,80,80,85.46,85.46,85.46,85.46,B,B,B,B,,,
F23.70,10,10,9.54,10,9.57,10,10,10,9.81,10,10,10,10,10,10,10,10,10,10,10,10,10,10,10,10,0,12,0,0,0,0,0,13,0,0,0,0,0,15,0,0,0,0,3,3,3,2,3,3,1,2,0,2,3,3,3,2,4,2,3,2,3,2,3,5,2,4,3,3,6,0,2,2,2,2,2,2,2,2,2,2,2,2,2,0,2,95,99,20,20,172,100,100,100,100,100,100,100,100,100,100,100,100,88.89,88.89,88.89,88.89,97,97,97,97,100,100,100,100,86,86,86,86,95.33,95.33,95.33,95.33,A,A,A,A,,,
F23.71,8.33,9.32,10,10,8.69,10,9.37,10,9.81,8.52,10,10,0,10,10,10,10,8.74,10,10,0,10,10,8.98,8.15,0,0,0,0,0,15,14,0,0,0,0,0,0,0,0,0,14,0,3,3,3,2,3,3,2,2,0,0,3,3,3,2,4,2,3,2,3,2,3,5,2,4,3,3,6,11,2,2,2,2,2,2,2,2,2,2,2,2,2,2,2,94,98,20,20,188,100,100,100,100,100,100,100,100,92.3,92.3,92.3,92.3,95.56,95.56,95.56,95.56,96,96,96,96,100,100,100,100,94,94,94,94,95.31,95.31,95.31,95.31,A,A,A,A,,,
F23.72,10,10,9.54,9.6,9.57,10,9.58,10,9.81,10,10,9.37,10,9.74,9.72,9.47,10,9.69,9.75,10,9.8,9.71,9.38,10,10,0,15,0,0,0,0,0,15,0,0,0,0,0,12,0,0,0,0,3,3,3,2,3,3,2,2,2,2,3,3,3,2,4,2,3,2,3,2,3,1,2,0,3,3,6,11,2,2,2,2,2,2,2,2,2,2,2,2,2,2,2,78,80,20,20,146,100,100,100,100,100,100,100,100,98.41,98.41,98.41,98.41,93.33,93.33,93.33,93.33,79,79,79,79,100,100,100,100,73,73,73,73,88.25,88.25,88.25,88.25,B,B,B,B,,,
F23.73,0,9,9.54,0,9.57,10,10,9.77,9.44,10,10,9.37,9.78,10,10,9.47,10,9.36,10,10,9.8,10,10,10,10,13,0,0,0,0,0,0,0,0,11,0,0,0,0,15,0,0,0,3,3,3,2,3,1,2,2,2,2,3,3,3,2,4,2,3,2,3,2,3,5,2,4,3,3,6,11,2,2,0,2,2,2,2,2,2,2,2,2,2,2,2,93.5,96,20,20,177,100,100,100,100,100,100,100,100,98.23,98.23,98.23,98.23,86.67,86.67,86.67,86.67,94.75,94.75,94.75,94.75,100,100,100,100,88.5,88.5,88.5,88.5,94.26,94.26,94.26,94.26,A,A,A,A,,,
F23.74,10,10,9.54,10,9.13,10,8.95,10,9.05,8.89,10,10,9.31,8.14,7.78,8.96,10,9.68,10,10,10,10,8.74,9.01,10,0,12,0,0,0,0,0,11,0,0,0,0,0,15,0,0,0,0,3,3,3,2,3,3,2,2,2,2,3,3,3,2,4,2,3,2,3,2,3,5,2,4,3,3,6,11,2,2,2,2,2,2,2,2,2,2,2,0,2,2,2,84,55,20,20,98,100,100,100,100,100,100,100,100,96.6,96.6,96.6,96.6,84.44,84.44,84.44,84.44,69.5,69.5,69.5,69.5,100,100,100,100,49,49,49,49,80.02,80.02,80.02,80.02,B,B,B,B,,,
F23.75,10,8.33,10,4.85,9.56,9.64,9.18,5,8.29,8.52,10,10,6.78,8.14,10,9.47,9.16,9.69,9.75,8.82,9.8,10,8.74,9.67,8.15,0,0,0,0,13,0,0,0,0,0,14,0,0,0,0,0,14,0,3,3,2,2,2,3,1,1,1,2,0,3,0,1,4,2,0,0,3,2,0,0,0,0,0,2,0,0,0,0,0,2,2,2,2,2,2,2,2,2,2,0,2,59,46,20,20,140,55.22,55.22,55.22,55.22,84.62,84.62,84.62,84.62,91.71,91.71,91.71,91.71,91.11,91.11,91.11,91.11,52.5,52.5,52.5,52.5,100,100,100,100,70,70,70,70,74.84,74.84,74.84,74.84,C,C,C,C,,,
F23.76,10,9.34,10,9.6,10,10,9.8,10,8.87,8.52,10,9.37,9.56,9.73,10,10,10,10,10,9.42,10,10,10,9.67,9.63,0,0,0,13,0,0,0,13,0,0,0,0,0,13,0,0,0,0,3,3,3,2,3,3,2,2,1,2,3,3,3,2,4,2,3,2,3,2,3,5,2,4,3,3,6,11,2,2,2,2,2,2,2,2,2,2,2,2,2,2,2,79.5,75,20,20,75,100,100,100,100,100,100,100,100,98.54,98.54,98.54,98.54,86.67,86.67,86.67,86.67,77.25,77.25,77.25,77.25,100,100,100,100,37.5,37.5,37.5,37.5,81.43,81.43,81.43,81.43,B,B,B,B,,,
F23.77,0,9.67,4.56,0,5.67,0,1.2,8.32,9.08,0,8.65,8.13,0,8.68,6.13,5.81,0,9.69,8.5,8.23,0,10,6.25,4.98,9.63,9,0,0,0,0,0,0,0,0,0,8,0,0,0,0,0,0,1,EX,EX,0,2,3,3,1,2,2,2,3,3,3,0,4,2,3,2,3,2,3,0,0,4,3,0,0,11,EX,2,2,2,2,2,2,2,2,2,0,2,2,2,0,64,44,20,20,109.9,88.41,88.41,88.41,88.41,100,100,100,100,60.54,60.54,60.54,60.54,40,40,40,40,54,54,54,54,100,100,100,100,54.95,54.95,54.95,54.95,60,60,60,60,D,D,D,D,,,
F23.78,10,10,4.77,10,9.57,10,10,5,8.68,10,5,10,9.77,9.73,10,9.47,10,8.1,9.75,5.87,4.6,10,9.37,7.16,10,0,0,0,0,15,0,0,0,0,0,15,0,0,0,0,0,0,0,3,3,3,2,3,2,1,2,2,2,3,3,3,0,3,2,3,2,3,2,3,5,2,0,2,3,0,11,2,2,2,2,2,2,2,2,2,2,2,2,2,0,2,74,58,20,20,97,94.81,94.81,94.81,94.81,100,100,100,100,91.45,91.45,91.45,91.45,66.67,66.67,66.67,66.67,66,66,66,66,100,100,100,100,48.5,48.5,48.5,48.5,74.68,74.68,74.68,74.68,C,C,C,C,,,
F23.79,10,8.67,9.54,10,9.57,10,9.79,10,9.43,10,10,9.37,3.39,8.95,10,10,4.15,8.72,8.75,9.42,8.8,10,10,10,8.52,0,0,9,0,0,0,0,0,0,0,0,11.5,0,0,14,0,0,0,3,3,3,0,3,3,1,1,1,0,3,3,3,2,4,0,0,2,2,0,2,2,2,4,2,0,4,8,2,2,2,2,2,2,2,2,2,2,2,0,2,2,2,58,34,20,20,97,75.64,75.64,75.64,75.64,100,100,100,100,95.85,95.85,95.85,95.85,76.67,76.67,76.67,76.67,46,46,46,46,100,100,100,100,48.5,48.5,48.5,48.5,70.32,70.32,70.32,70.32,C,C,C,C,,,
F23.80,9.16,9.67,8.16,9.1,9.57,10,9.58,9.76,9.43,9.26,10,8.74,0,9.73,9.72,10,9.16,7.15,9.75,9.41,9.8,10,10,9.67,9.63,0,0,0,12,0,0,0,0,0,0,15,0,0,13,0,0,0,0,EX,EX,2,2,3,3,1,2,1,2,3,2,2,2,4,2,3,2,3,2,3,5,2,4,3,3,6,9,2,2,2,2,2,2,2,2,2,2,2,2,2,0,0,84.5,87,20,20,151,95.59,95.59,95.59,95.59,100,100,100,100,95.97,95.97,95.97,95.97,88.89,88.89,88.89,88.89,85.75,85.75,85.75,85.75,100,100,100,100,75.5,75.5,75.5,75.5,89.16,89.16,89.16,89.16,B,B,B,B,,,
F23.81,10,9.66,9.54,10,10,9.65,9.37,10,8.86,10,10,10,3.61,6.83,10,10,10,8.74,10,8.82,7.6,10,10,8.98,9.63,0,13,0,0,0,0,0,13,0,0,0,0,0,15,0,0,0,0,3,3,3,2,3,3,2,2,2,2,3,3,3,2,4,2,3,2,3,2,3,4,2,0,3,3,6,0,2,2,2,2,2,2,2,2,0,2,2,2,2,2,2,93,87,20,20,162,100,100,100,100,100,100,100,100,96.41,96.41,96.41,96.41,91.11,91.11,91.11,91.11,90,90,90,90,100,100,100,100,81,81,81,81,91.92,91.92,91.92,91.92,A,A,A,A,,,
F23.82,10,10,10,9.6,9.57,10,10,10,10,10,0,10,10,10,10,10,10,10,10,9.41,10,10,10,10,9.26,0,0,0,0,0,11,0,0,0,0,0,15,0,0,0,0,0,15,3,3,3,2,3,3,2,2,2,2,3,2,3,2,4,2,3,2,3,2,3,5,2,4,3,3,6,0,2,2,2,2,2,2,2,2,2,2,2,2,2,2,0,91,98,20,20,174,100,100,100,100,100,100,100,100,99.48,99.48,99.48,99.48,91.11,91.11,91.11,91.11,94.5,94.5,94.5,94.5,100,100,100,100,87,87,87,87,94.94,94.94,94.94,94.94,A,A,A,A,,,
F23.83,10,10,10,9.7,9.57,10,9.79,10,7.54,10,10,9.37,10,10,10,10,10,9.68,10,8.82,10,10,10,9.67,10,0,0,0,0,0,15,0,0,0,0,0,14.5,0,0,0,0,0,15,3,3,3,2,3,3,2,2,2,2,3,3,3,2,4,2,3,2,3,2,3,5,2,4,3,2,5,11,2,2,2,2,2,2,2,2,2,2,2,0,2,2,2,86,75,20,20,179,100,100,100,100,100,100,100,100,99.28,99.28,99.28,99.28,98.89,98.89,98.89,98.89,80.5,80.5,80.5,80.5,100,100,100,100,89.5,89.5,89.5,89.5,92.23,92.23,92.23,92.23,A,A,A,A,,,
F23.84,10,4.84,9.54,10,8.26,10,9.79,10,10,10,10,9.37,10,10,9.72,10,10,4.98,10,9.41,10,0,8.12,9.66,0,0,15,0,0,0,0,0,12,0,0,0,0,0,14,0,0,0,0,3,3,0,1,3,2,2,2,2,2,3,3,3,2,3,2,2,2,3,2,0,5,2,4,3,3,6,11,2,2,2,2,2,2,2,0,2,0,2,0,2,0,2,80,62,20,0,146,96.3,96.3,96.3,96.3,84.62,84.62,84.62,84.62,92.67,92.67,92.67,92.67,91.11,91.11,91.11,91.11,71,71,71,71,50,50,50,50,73,73,73,73,80.63,80.63,80.63,80.63,B,B,B,B,,,
F23.85,10,10,9.54,10,10,10,10,10,9.62,9.63,10,9.37,0,9.46,5.85,0,10,8.27,9.75,8.23,0,10,10,5,9.63,0,15,0,0,0,0,0,12,0,0,0,0,0,13,0,0,0,0,3,3,3,2,3,3,2,0,1,2,3,3,3,2,4,0,3,2,3,2,3,5,2,4,3,3,6,0,2,2,2,2,2,2,0,2,2,2,2,2,2,0,2,93,94,20,20,169,98.65,98.65,98.65,98.65,100,100,100,100,90.61,90.61,90.61,90.61,88.89,88.89,88.89,88.89,93.5,93.5,93.5,93.5,100,100,100,100,84.5,84.5,84.5,84.5,91.64,91.64,91.64,91.64,A,A,A,A,,,
F23.86,10,9.34,9.54,10,10,10,6.89,5,9.43,10,10,9.37,0,0,0,5.8,4.99,9.36,0,0,0,0,0,0,0,0,0,0,0,0,9,9,0,0,0,0,0,0,0,0,0,0,0,3,3,3,2,3,3,2,2,0,0,0,0,0,1,3,2,0,0,0,0,3,0,0,0,0,3,6,0,2,2,0,2,0,2,0,2,0,2,0,2,0,0,0,52,0,0,0,95,56.52,56.52,56.52,56.52,53.85,53.85,53.85,53.85,58.96,58.96,58.96,58.96,40,40,40,40,26,26,26,26,0,0,0,0,47.5,47.5,47.5,47.5,41.18,41.18,41.18,41.18,F,F,F,F,,,
F23.87,10,10,10,9.6,9.14,10,9.6,10,9.25,10,10,8.75,10,9.73,9.17,10,10,9.36,9.75,9.41,10,10,10,4.98,10,0,0,9,0,0,0,0,0,11,0,0,0,0,0,13,0,0,0,EX,EX,2,2,2,2,1,2,2,2,3,3,3,2,4,2,3,2,3,1,3,5,1,4,3,2,6,11,2,2,2,2,2,2,2,2,2,2,2,2,2,2,2,83,93,20,20,144,94.81,94.81,94.81,94.81,100,100,100,100,98.12,98.12,98.12,98.12,73.33,73.33,73.33,73.33,88,88,88,88,100,100,100,100,72,72,72,72,87.47,87.47,87.47,87.47,B,B,B,B,,,
F23.88,10,9.33,10,5,7.81,8.6,0,9.52,8.86,7.78,10,9.37,5.41,1.3,9.72,9.47,5,1.72,9.75,0,9.2,0,0,0,0,0,0,13,0,0,0,0,0,8,0,0,0,0,0,0,0,0,0,0,3,2,1,3,2,0,2,2,1,3,3,0,0,3,2,2,1,2,1,3,4,1,3,0,0,0,0,2,2,2,2,2,2,2,2,2,2,2,2,2,2,2,86.5,66,20,0,123,63.77,63.77,63.77,63.77,100,100,100,100,67.2,67.2,67.2,67.2,46.67,46.67,46.67,46.67,76.25,76.25,76.25,76.25,50,50,50,50,61.5,61.5,61.5,61.5,66.59,66.59,66.59,66.59,D,D,D,D,,,
F23.89,10,9.67,9.54,10,10,10,9.58,10,9.43,10,10,10,10,10,10,9.47,8.33,10,10,9.41,9.8,10,10,10,10,0,0,0,0,14,0,0,0,0,0,15,0,0,0,0,0,15,0,3,3,3,2,3,3,2,2,2,2,3,3,3,2,4,2,3,2,3,2,3,5,2,4,3,3,6,11,2,2,2,2,2,2,2,2,2,2,2,2,2,2,2,94,95,20,20,183,100,100,100,100,100,100,100,100,99.12,99.12,99.12,99.12,97.78,97.78,97.78,97.78,94.5,94.5,94.5,94.5,100,100,100,100,91.5,91.5,91.5,91.5,96.52,96.52,96.52,96.52,A,A,A,A,,,
F23.90,10,10,10,9.3,9.57,9.64,10,10,9.25,10,9.73,10,9.77,10,9.72,10,9.17,9.68,9.5,8.82,9.6,10,9.37,2.97,9.63,0,0,15,0,0,0,0,0,14,0,0,0,0,0,13,0,0,0,3,3,3,2,3,3,2,2,2,2,3,3,3,2,4,2,3,1,2,2,3,5,2,4,2,3,6,11,2,2,2,2,2,2,2,2,2,2,2,0,2,2,2,94,70,20,20,164,100,100,100,100,100,100,100,100,97.62,97.62,97.62,97.62,93.33,93.33,93.33,93.33,82,82,82,82,100,100,100,100,82,82,82,82,90.3,90.3,90.3,90.3,A,A,A,A,,,
F23.91,10,10,10,10,10,10,8.76,10,9.63,10,10,10,0,9.73,10,6.86,10,10,10,10,10,10,10,8.98,10,0,0,0,14,0,0,15,0,0,0,0,0,0,0,0,0,0,15,3,3,3,2,3,3,2,2,2,2,3,3,3,2,4,2,3,0,3,2,3,5,2,4,3,0,6,11,2,2,2,2,2,2,2,2,2,2,0,2,2,2,2,96,93,20,20,191,100,100,100,100,100,100,100,100,99.25,99.25,99.25,99.25,97.78,97.78,97.78,97.78,94.5,94.5,94.5,94.5,100,100,100,100,95.5,95.5,95.5,95.5,97.15,97.15,97.15,97.15,A,A,A,A,,,
F23.92,10,10,10,10,10,10,9.59,10,9.44,10,10,10,10,10,10,10,10,10,10,10,10,10,10,10,10,0,0,0,0,0,14,0,0,0,0,15,0,0,0,0,0,0,13,3,3,3,2,3,3,2,2,2,2,3,3,3,2,4,2,3,2,3,2,3,3,2,4,3,3,6,11,2,2,2,2,2,2,2,2,2,2,2,2,2,2,2,89.5,95,20,20,143,100,100,100,100,100,100,100,100,100,100,100,100,93.33,93.33,93.33,93.33,92.25,92.25,92.25,92.25,100,100,100,100,71.5,71.5,71.5,71.5,92.4,92.4,92.4,92.4,A,A,A,A,,,
F23.93,9.16,4.17,9.08,4.85,2.18,1.8,0,0,0,0,0,0,3.35,0,0,0,0,4.52,8,0,0,0,0,0,0,0,0,9,0,0,0,0,0,14,0,0,0,0,0,15,0,0,0,3,2,3,2,2,2,1,2,1,0,2,2,0,2,0,2,2,0,3,0,0,4,1,0,3,3,0,0,2,2,2,2,2,2,0,2,2,0,2,2,2,2,0,72,47,20,20,109,61.76,61.76,61.76,61.76,92.31,92.31,92.31,92.31,21.41,21.41,21.41,21.41,84.44,84.44,84.44,84.44,59.5,59.5,59.5,59.5,100,100,100,100,54.5,54.5,54.5,54.5,56.75,56.75,56.75,56.75,F,F,F,F,,,
F23.94,9.16,9.67,10,5,9.57,9.64,9.58,10,9.82,8.52,10,8.74,8.85,6.84,10,9.47,8.34,3.42,10,9.41,10,10,10,3.66,10,0,8,0,0,0,0,0,13,0,0,0,0,0,13,0,0,0,0,3,3,3,2,3,3,2,2,2,2,3,3,3,2,4,2,3,2,3,2,3,5,2,4,3,3,5,11,2,2,2,2,2,2,2,2,2,2,2,2,2,2,2,79,93,20,20,141,100,100,100,100,100,100,100,100,94.37,94.37,94.37,94.37,75.56,75.56,75.56,75.56,86,86,86,86,100,100,100,100,70.5,70.5,70.5,70.5,86.3,86.3,86.3,86.3,B,B,B,B,,,
F23.95,10,8.99,10,10,9.57,10,10,10,9.43,8.89,10,9.37,8.28,8.31,10,10,10,9.68,10,10,10,9.71,10,8.98,10,0,0,0,15,0,0,0,0,0,0,15,0,0,0,0,0,0,0,3,3,3,2,3,3,2,2,2,2,3,3,3,1,4,2,3,2,3,2,3,5,2,4,0,0,0,0,0,2,2,2,2,2,2,2,2,2,2,2,2,0,0,85,85,20,20,145,94.2,94.2,94.2,94.2,92.31,92.31,92.31,92.31,98.06,98.06,98.06,98.06,66.67,66.67,66.67,66.67,85,85,85,85,100,100,100,100,72.5,72.5,72.5,72.5,85.22,85.22,85.22,85.22,B,B,B,B,,,
F23.96,0,10,10,9.7,10,10,9.37,6.89,9.06,10,10,10,0,0,10,6.86,5,0,9.25,9.41,10,5,3.74,3.99,10,0,0,0,14,0,0,0,0,0,15,0,0,0,0,0,14,0,0,EX,EX,0,2,2,3,2,2,2,2,3,3,3,2,4,2,3,2,3,2,3,5,2,4,3,1,6,10,2,2,2,2,2,2,2,2,0,2,2,2,2,0,2,89,95,20,20,178,98.65,98.65,98.65,98.65,100,100,100,100,81.03,81.03,81.03,81.03,95.56,95.56,95.56,95.56,92,92,92,92,100,100,100,100,89,89,89,89,90.47,90.47,90.47,90.47,A,A,A,A,,,
F23.97,9.17,8.33,7.7,0,8.27,9.28,9.16,0,0,7.78,0,7.49,0,1.82,8.63,4.76,0,0,0,0,0,0,0,0,0,0,10,0,0,0,0,0,9,0,0,0,0,0,0,0,0,0,0,EX,EX,2,2,3,3,2,2,2,1,3,0,3,0,3,0,3,2,3,0,2,0,0,0,0,0,0,0,EX,0,2,2,2,2,0,0,0,2,0,0,0,0,0,39.5,0,0,0,0,59.02,59.02,59.02,59.02,41.67,41.67,41.67,41.67,37.45,37.45,37.45,37.45,42.22,42.22,42.22,42.22,19.75,19.75,19.75,19.75,0,0,0,0,0,0,0,0,26.65,26.65,26.65,26.65,F,F,F,F,,,
F23.98,10,10,10,10,9.14,10,10,10,10,10,10,10,9.77,10,10,10,10,10,10,10,10,10,10,10,10,0,0,0,0,0,11,0,0,0,0,0,14.5,0,0,0,0,0,15,3,3,3,2,3,3,2,2,2,2,3,3,3,2,4,2,3,2,3,2,3,5,2,4,3,3,4,11,2,2,2,2,2,2,2,2,2,2,2,2,2,2,2,92,95,20,20,168,100,100,100,100,100,100,100,100,100,100,100,100,90,90,90,90,93.5,93.5,93.5,93.5,100,100,100,100,84,84,84,84,94.15,94.15,94.15,94.15,A,A,A,A,,,
F23.99,10,9.66,10,9.6,10,10,10,10,9.62,8.89,10,9.37,0,9.74,9.19,9.47,10,8.72,10,10,10,9.71,7.48,10,0,0,0,0,15,0,0,0,14,0,0,0,0,0,15,0,0,0,0,3,3,3,2,3,3,2,2,2,2,3,3,3,2,4,2,3,2,3,2,3,5,2,4,3,3,4,11,2,2,2,2,2,2,2,2,2,2,2,2,2,2,2,89,95,20,20,194,100,100,100,100,100,100,100,100,93.3,93.3,93.3,93.3,97.78,97.78,97.78,97.78,92,92,92,92,100,100,100,100,97,97,97,97,95.14,95.14,95.14,95.14,A,A,A,A,,,
F23.100,10,10,10,10,10,10,10,10,9.81,10,10,10,10,9.74,9.72,10,10,10,10,10,10,10,10,10,10,0,0,13,0,0,0,14,0,0,0,0,0,14,0,0,0,0,0,3,3,3,2,3,3,2,2,2,2,3,3,3,2,4,2,3,2,3,2,3,5,2,4,3,3,6,11,2,2,2,2,2,2,2,2,2,2,0,2,2,2,2,97,94,20,20,188,100,100,100,100,100,100,100,100,100,100,100,100,91.11,91.11,91.11,91.11,95.5,95.5,95.5,95.5,100,100,100,100,94,94,94,94,96.42,96.42,96.42,96.42,A,A,A,A,,,
F23.101,10,8.67,10,10,10,9.64,9.58,10,8.3,8.89,10,10,9.77,9.46,8.9,9.47,8.34,10,9.75,9.41,10,10,9.37,9.34,10,0,0,0,0,13,0,0,0,0,0,15,0,0,0,0,0,15,0,3,3,3,2,2,3,2,2,2,2,3,3,3,2,4,2,3,2,3,2,2,4,2,4,3,3,6,11,2,2,2,2,2,2,2,2,2,2,2,2,2,2,2,75,78,20,20,108,100,100,100,100,100,100,100,100,97.08,97.08,97.08,97.08,95.56,95.56,95.56,95.56,76.5,76.5,76.5,76.5,100,100,100,100,54,54,54,54,84.65,84.65,84.65,84.65,B,B,B,B,,,
F23.102,10,9,10,9.6,9.12,3.57,9.58,10,8.32,8.52,10,9.37,8.17,8.42,7.56,7.92,10,10,9.5,10,10,9.13,6.87,7,7.04,0,9,0,0,0,0,0,0,0,0,15,0,0,0,0,0,15,0,3,3,3,2,3,3,1,2,2,2,3,3,2,2,3,2,2,2,3,2,3,4,2,4,3,1,6,7,2,2,2,2,2,2,2,2,2,0,2,0,2,0,2,70.5,55,20,20,104,94.52,94.52,94.52,94.52,92.31,92.31,92.31,92.31,91.48,91.48,91.48,91.48,86.67,86.67,86.67,86.67,62.75,62.75,62.75,62.75,100,100,100,100,52,52,52,52,76.84,76.84,76.84,76.84,C,C,C,C,,,
F23.103,9.16,10,4.77,5.1,9.14,5.36,8.01,10,5,0.56,5,8.74,6.57,3.92,5.85,8.94,10,0,7.75,0,2.8,4.71,3.75,7.99,5.56,0,9,0,0,0,0,0,0,0,0,6.5,0,0,0,0,0,0,0,3,3,3,2,3,3,2,2,0,0,3,3,3,1,4,2,3,2,3,2,3,3,2,4,3,3,6,11,2,2,2,2,2,2,2,0,0,2,2,0,2,2,2,83,72,20,20,152,98.75,98.75,98.75,98.75,92.31,92.31,92.31,92.31,67.32,67.32,67.32,67.32,34.44,34.44,34.44,34.44,77.5,77.5,77.5,77.5,100,100,100,100,76,76,76,76,71.2,71.2,71.2,71.2,C,C,C,C,,,
F23.104,9.16,10,9.54,9.3,10,10,9.16,5.33,9.62,8.15,10,9.37,0,3.92,9.72,9.47,10,9.38,9.75,8.24,10,10,10,8.31,10,0,0,11,0,0,0,0,0,14,0,0,0,0,0,15,0,0,0,3,3,3,2,3,0,2,2,2,2,3,3,3,2,3,0,2,2,3,0,3,5,0,3,3,3,5,10,2,0,2,2,2,2,2,0,2,0,2,2,2,0,2,76,72,20,20,117,91.46,91.46,91.46,91.46,84.62,84.62,84.62,84.62,93.8,93.8,93.8,93.8,88.89,88.89,88.89,88.89,74,74,74,74,100,100,100,100,58.5,58.5,58.5,58.5,81.56,81.56,81.56,81.56,B,B,B,B,,,
F23.105,10,9.66,9.08,9.6,9.57,10,10,10,9.82,10,10,10,10,10,10,9.47,10,10,10,9.41,10,10,10,9.67,10,0,0,0,0,15,0,0,0,0,0,15,0,0,0,0,0,15,0,EX,EX,3,2,3,3,2,2,2,2,3,3,3,2,4,2,3,2,3,2,3,5,2,4,3,3,6,11,2,2,2,2,2,2,2,2,2,2,2,2,2,2,2,87.5,85,20,20,163,100,100,100,100,100,100,100,100,99.24,99.24,99.24,99.24,100,100,100,100,86.25,86.25,86.25,86.25,100,100,100,100,81.5,81.5,81.5,81.5,92.91,92.91,92.91,92.91,A,A,A,A,,,
F23.106,10,9.34,10,10,9.57,10,0,10,9.81,0,10,10,9.77,6.85,9.72,9.47,8.34,8.08,3.5,9.41,10,10,10,9.33,9.63,0,0,11,0,0,0,0,0,15,0,0,0,0,0,12,0,0,0,3,3,3,2,3,3,2,2,2,1,3,2,3,2,2,2,2,2,3,1,3,2,2,1,3,3,4,8,2,2,2,2,2,2,2,2,0,2,2,2,2,2,2,81,77,20,20,172,88.41,88.41,88.41,88.41,100,100,100,100,93.62,93.62,93.62,93.62,84.44,84.44,84.44,84.44,79,79,79,79,100,100,100,100,86,86,86,86,87.09,87.09,87.09,87.09,B,B,B,B,,,
F23.107,10,10,10,9.7,9.14,10,9.58,10,9.81,10,10,9.37,8.39,10,10,10,10,10,10,9.41,9.8,10,10,10,10,0,0,11,0,0,0,0,0,15,0,0,0,0,0,14,0,0,0,3,3,3,2,3,3,2,2,2,2,3,3,3,2,4,2,3,2,3,2,3,5,2,4,3,3,6,11,2,2,2,2,2,2,2,2,2,2,2,2,2,2,2,91,89,20,20,183,100,100,100,100,100,100,100,100,99.23,99.23,99.23,99.23,88.89,88.89,88.89,88.89,90,90,90,90,100,100,100,100,91.5,91.5,91.5,91.5,93.87,93.87,93.87,93.87,A,A,A,A,,,
F23.108,10,9.66,9.54,10,9.57,8.22,10,9.76,8.67,8.52,10,8.74,0,3.41,8.91,9.47,5.83,2.5,8.5,9.41,10,0,9.37,10,10,0,0,0,0,0,13,0,0,0,0,0,11,0,0,0,0,0,8,3,3,3,2,3,3,2,2,2,2,3,3,3,2,4,2,3,2,3,2,3,5,2,4,3,3,5,10,2,2,2,2,2,2,2,2,2,0,2,2,2,2,2,87,89,20,20,175,100,100,100,100,100,100,100,100,89.81,89.81,89.81,89.81,71.11,71.11,71.11,71.11,88,88,88,88,100,100,100,100,87.5,87.5,87.5,87.5,87.64,87.64,87.64,87.64,B,B,B,B,,,
F23.109,0,0,0,0,3.94,10,0,0,8.86,8.52,0,0,0,0,0,0,2.5,0,0,0,0,0,0,0,0,0,0,0,0,0,0,0,0,0,0,0,0,0,0,0,0,0,0,0,0,2,2,3,3,2,2,0,1,3,3,3,0,4,2,3,2,3,2,3,0,1,0,0,0,0,0,2,2,0,2,2,2,2,2,2,2,0,2,0,0,0,40,0,0,0,0,65.67,65.67,65.67,65.67,76.92,76.92,76.92,76.92,15.37,15.37,15.37,15.37,0,0,0,0,20,20,20,20,0,0,0,0,0,0,0,0,16.97,16.97,16.97,16.97,F,F,F,F,,,
F23.110,10,9.67,9.54,9.3,10,10,10,10,9.24,10,10,10,9.77,9.47,10,8.95,10,9.07,10,10,10,9.71,10,10,10,0,0,0,0,0,13,0,11,0,0,0,0,0,14,0,0,0,0,3,3,3,2,3,3,2,2,2,2,3,3,3,2,4,2,3,2,3,2,3,5,2,4,3,3,6,11,2,2,2,2,2,2,2,2,2,2,2,2,2,2,2,80,72,20,20,128,100,100,100,100,100,100,100,100,98.85,98.85,98.85,98.85,84.44,84.44,84.44,84.44,76,76,76,76,100,100,100,100,64,64,64,64,84.78,84.78,84.78,84.78,B,B,B,B,,,
F23.111,10,9.67,10,9.7,9.57,10,9.6,10,8.88,10,10,8.11,10,8.95,9.72,9.47,8.34,8.4,9.75,9.41,0,9.71,10,8.99,10,13,0,0,0,0,0,0,0,14,0,0,0,0,0,0,0,0,15,3,3,3,2,3,3,2,2,2,2,3,3,3,2,4,2,3,2,3,2,3,5,1,0,3,3,6,11,2,2,2,2,2,2,2,2,2,2,2,2,2,2,2,91.5,84,20,20,186,100,100,100,100,100,100,100,100,92.46,92.46,92.46,92.46,93.33,93.33,93.33,93.33,87.75,87.75,87.75,87.75,100,100,100,100,93,93,93,93,92.39,92.39,92.39,92.39,A,A,A,A,,,
F23.112,9.16,9.66,9.08,4.85,9.13,10,10,10,7.73,9.63,10,8.74,2.87,8.29,10,9.47,9.16,7.77,2.75,10,9.8,10,9.37,8.33,9.63,0,14,0,0,0,0,0,14,0,0,0,0,0,15,0,0,0,0,3,3,0,2,3,2,2,2,1,1,3,3,3,2,4,2,3,1,3,2,3,5,1,3,EX,0,0,0,2,2,2,2,2,2,2,2,2,2,2,2,2,EX,EX,85,78,20,20,164,86.36,86.36,86.36,86.36,100,100,100,100,90.89,90.89,90.89,90.89,95.56,95.56,95.56,95.56,81.5,81.5,81.5,81.5,100,100,100,100,82,82,82,82,88.12,88.12,88.12,88.12,B,B,B,B,,,
F23.113,0,0,10,10,6.99,5,7.48,10,8.67,0,0,9.37,0,9.73,0,10,8.34,8.74,0,0,0,0,0,0,10,0,0,0,0,0,11,0,0,0,0,0,14.5,0,0,0,0,0,14,3,0,3,2,3,0,2,2,2,0,0,3,3,2,4,0,3,2,0,2,0,5,0,0,3,3,5,0,2,2,2,0,2,2,0,2,2,2,2,0,0,2,0,87,75,20,20,136,73.24,73.24,73.24,73.24,76.92,76.92,76.92,76.92,51.96,51.96,51.96,51.96,87.78,87.78,87.78,87.78,81,81,81,81,100,100,100,100,68,68,68,68,73.17,73.17,73.17,73.17,C,C,C,C,,,
F23.114,10,8.65,9.54,9,3.48,9.65,8.97,9.28,5.51,9.63,8.92,0,0,0.78,9.45,0.53,4.15,9.68,0.75,0,0,0,5,3.66,6.67,0,0,13,0,0,0,0,0,14,0,0,0,0,0,13,0,0,0,0,3,2,2,2,3,1,2,1,2,3,3,0,1,2,1,2,0,1,0,0,0,0,0,0,0,3,0,2,2,2,2,2,2,2,2,2,2,2,0,2,2,2,80,59,20,20,109.5,49.28,49.28,49.28,49.28,100,100,100,100,60.59,60.59,60.59,60.59,88.89,88.89,88.89,88.89,69.5,69.5,69.5,69.5,100,100,100,100,54.75,54.75,54.75,54.75,70.01,70.01,70.01,70.01,C,C,C,C,,,
F23.115,9.17,10,9.54,9.6,9.14,10,9.8,9.76,9.81,10,10,10,10,9.73,10,10,10,3.74,10,10,10,9.71,9.37,10,10,0,0,0,0,0,14,0,0,0,0,0,15,0,0,0,0,0,15,3,3,3,2,3,3,2,2,2,2,3,3,3,2,4,2,3,2,0,2,3,5,2,4,3,3,6,11,2,2,2,2,2,2,2,2,2,2,2,2,2,2,2,99,99,20,20,187,100,100,100,100,100,100,100,100,98.78,98.78,98.78,98.78,97.78,97.78,97.78,97.78,99,99,99,99,100,100,100,100,93.5,93.5,93.5,93.5,98.09,98.09,98.09,98.09,A,A,A,A,,,