Student,Informational Survey - No Drop (409780),Syllabus and Canvas Hunt - No Drop (423082),HW 1: Vocab (435821),HW 2: Qualitative Data (414111),HW 3: Quantitative Displays (434821),HW 4: Quantitative Data part 1 (434822),HW 5: Quantitative Data part 2 (434825),"HW 6: Z-scores, Empirical Rule, Percentiles (434823)",HW 7R: Midterm 1 Review - NO DROP (434824),HW 8: Scatterplots and correlation (460555),"HW 9: Correlation, Regression (460556)",HW 10: Probability (460557),HW 11: RV & Normal Dist part 1 (460558),HW 12: Normal Distribution part 2 (460559),HW 13: Sampling Distributions of p-hat (460560),HW 14: 1 sample CI for p (part 1) (460563),HW 15: 1 sample CI for p (part 2) (460562),HW 16: Hypotheses and Errors (485107),HW 17: 1 sample HT for p (485108),HW 18: Sampling Distribution of x-bar (485058),HW 19: 1 sample CI for mu (485061),HW 20: 1 sample HT for mu (485062),HW 21: Review - NO DROP (573550),HW 22: Tests for Independence (573549),HW 23: Review - NO DROP (573622),Week 2 (408093),Week 3 (408094),Week 4 (408095),Week 5 (408096),Week 6 (408097),Week 7 (408098),Week 8 (408099),Week 9 (408100),Week 10 (408101),Week 12 (408102),Week 13 (408103),Week 14 (408104),Week 15 (408105),Week 16 - NO Drop (408106),Project 1 (408190),Project 2 (408191),Project 3 (408192),Midterm 1 (408091),Midterm 2 (408092),Maintenance - Midterm 1 (408087),Maintenance - Midterm 2  (408088),Final Exam (408066),Research Survey 1 (409969),Research Survey 2 (572727),Assignments Current Points,Assignments Final Points,Assignments Current Score,Assignments Unposted Current Score,Assignments Final Score,Assignments Unposted Final Score,Activity Attendance & Participation Current Points,Activity Attendance & Participation Final Points,Activity Attendance & Participation Current Score,Activity Attendance & Participation Unposted Current Score,Activity Attendance & Participation Final Score,Activity Attendance & Participation Unposted Final Score,Projects Current Points,Projects Final Points,Projects Current Score,Projects Unposted Current Score,Projects Final Score,Projects Unposted Final Score,Midterm Exams Current Points,Midterm Exams Final Points,Midterm Exams Current Score,Midterm Exams Unposted Current Score,Midterm Exams Final Score,Midterm Exams Unposted Final Score,Maintenance Current Points,Maintenance Final Points,Maintenance Current Score,Maintenance Unposted Current Score,Maintenance Final Score,Maintenance Unposted Final Score,Final Exam Current Points,Final Exam Final Points,Final Exam Current Score,Final Exam Unposted Current Score,Final Exam Final Score,Final Exam Unposted Final Score,Research Surveys - Extra Credit Current Points,Research Surveys - Extra Credit Final Points,Research Surveys - Extra Credit Current Score,Research Surveys - Extra Credit Unposted Current Score,Research Surveys - Extra Credit Final Score,Research Surveys - Extra Credit Unposted Final Score,Current Points,Final Points,Current Score,Unposted Current Score,Final Score,Unposted Final Score,Override Score,Override Status
    Points Possible,10,20,10,10,10,10,10,10,20,10,10,10,10,10,10,10,10,10,10,10,10,10,20,10,20,5,5,5,5,5,5,5,5,5,5,5,5,5,5,60,60,60,125,125,25,25,200,0,0,(read only),(read only),(read only),(read only),(read only),(read only),(read only),(read only),(read only),(read only),(read only),(read only),(read only),(read only),(read only),(read only),(read only),(read only),(read only),(read only),(read only),(read only),(read only),(read only),(read only),(read only),(read only),(read only),(read only),(read only),(read only),(read only),(read only),(read only),(read only),(read only),(read only),(read only),(read only),(read only),(read only),(read only),(read only),(read only),(read only),(read only),(read only),(read only),,
S23.01,10,20,9.67,10,10,10,10,9.58,20,9.44,10,10,10,10,9.72,8.94,10,9.36,8.82,10,10,9.67,20,10,20,5,5,5,5,5,5,5,5,5,5,5,5,5,5,60,60,60,113,109,25,25,167,10,10,258.08,258.08,99.26,99.26,99.26,99.26,60,60,100,100,100,100,180,180,100,100,100,100,222,222,88.8,88.8,88.8,88.8,50,50,100,100,100,100,167,167,83.5,83.5,83.5,83.5,20,20,,,,,957.08,957.08,95.71,95.71,95.71,95.71,,
S23.02,10,20,10,9.54,10,10,9.64,9.79,20,9.63,10,10,10,10,10,10,10,10,9.41,10,10,9.66,20,10,20,5,5,5,5,5,5,5,5,5,5,5,5,5,5,59,59,60,126,122,25,25,178,10,10,259.09,259.09,99.65,99.65,99.65,99.65,60,60,100,100,100,100,178,178,98.89,98.89,98.89,98.89,248,248,99.2,99.2,99.2,99.2,50,50,100,100,100,100,178,178,89,89,89,89,20,20,,,,,993.09,993.09,99.31,99.31,99.31,99.31,,
S23.03,10,20,10,10,10,10,10,10,20,10,10,5.2,10,10,10,10,10,10,8.82,10,8.74,10,19.6,9.46,19.26,5,5,5,5,5,5,5,5,5,5,5,5,5,5,55,60,58,123,125,25,25,167,10,10,258.32,258.32,99.35,99.35,99.35,99.35,60,60,100,100,100,100,173,173,96.11,96.11,96.11,96.11,248,248,99.2,99.2,99.2,99.2,50,50,100,100,100,100,167,167,83.5,83.5,83.5,83.5,20,20,,,,,976.32,976.32,97.63,97.63,97.63,97.63,,
S23.04,10,20,10,10,10,9.57,10,10,20,10,10,10,9.78,10,10,10,10,9.69,10,10,10,10,20,10,20,5,5,5,5,5,5,5,5,5,5,5,5,5,5,60,60,60,127,122,25,25,189,10,10,260,260,100,100,100,100,60,60,100,100,100,100,180,180,100,100,100,100,249,249,99.6,99.6,99.6,99.6,50,50,100,100,100,100,189,189,94.5,94.5,94.5,94.5,20,20,,,,,1008,1008,100.8,100.8,100.8,100.8,,
S23.05,10,20,10,10,9.6,10,10,9.59,20,9.62,10,10,10,10,10,10,10,10,0,10,10,10,0,10,0,5,5,5,5,5,5,5,5,5,5,5,5,5,5,55,60,58,123,123,25,25,172,10,10,229.22,229.22,91.69,91.69,91.69,91.69,60,60,100,100,100,100,173,173,96.11,96.11,96.11,96.11,246,246,98.4,98.4,98.4,98.4,50,50,100,100,100,100,172,172,86,86,86,86,20,20,,,,,950.22,950.22,95.98,95.98,95.98,95.98,,
S23.06,10,20,10,10,10,10,10,9.8,20,10,10,10,10,10,10,10,8.34,10,10,10,10,10,20,10,20,5,5,5,5,5,5,5,5,5,0,5,5,5,5,55,60,60,105,111,25,25,111,10,10,260,260,100,100,100,100,60,60,100,100,100,100,175,175,97.22,97.22,97.22,97.22,216,216,86.4,86.4,86.4,86.4,50,50,100,100,100,100,111,111,55.5,55.5,55.5,55.5,20,20,,,,,892,892,89.2,89.2,89.2,89.2,,
S23.07,10,20,10,9.54,9.1,9.57,10,9.38,19.52,9.62,10,10,8.75,9.09,10,10,10,10,9.41,10,10,9.66,10,9.73,20,5,5,5,5,5,5,5,0,5,5,5,5,5,5,57,57,60,95,90,25,25,104,10,10,246.43,246.43,94.78,94.78,94.78,94.78,60,60,100,100,100,100,174,174,96.67,96.67,96.67,96.67,185,185,74,74,74,74,50,50,100,100,100,100,104,104,52,52,52,52,20,20,,,,,839.43,839.43,83.94,83.94,83.94,83.94,,
S23.08,10,20,9.01,10,8.8,9.57,9.64,9.16,19.04,9.43,9.63,9.6,9.33,9.73,7.78,9.47,10,10,8.82,9.42,8.76,0,0,10,19.26,5,5,5,5,5,5,5,5,0,5,0,5,5,5,51,60,57,114,85,25,25,150,0,10,229.91,229.91,88.43,88.43,88.43,88.43,60,60,100,100,100,100,168,168,93.33,93.33,93.33,93.33,199,199,79.6,79.6,79.6,79.6,50,50,100,100,100,100,150,150,75,75,75,75,10,10,,,,,866.91,866.91,86.69,86.69,86.69,86.69,,
S23.09,10,16,9.67,10,9.7,0,7.52,7.09,20,8.51,8.15,8.8,1.98,8.66,9.46,7.35,5,10,10,9.42,10,8.34,0.6,9.19,17.78,5,5,5,5,5,0,5,0,0,0,5,5,0,5,52,42,55,78,70,25,25,116,10,0,216.24,216.24,83.17,83.17,83.17,83.17,45,45,75,75,75,75,149,149,82.78,82.78,82.78,82.78,148,148,59.2,59.2,59.2,59.2,50,50,100,100,100,100,116,116,58,58,58,58,10,10,,,,,734.24,734.24,73.42,73.42,73.42,73.42,,
S23.10,10,20,8.32,9.54,0,0,10,10,19.04,9.44,10,9.8,7.01,8.41,10,5.29,10,9.68,10,10,10,10,20,10,20,5,5,5,0,5,5,5,0,0,5,5,4,5,5,0,54,60,43,68,25,25,77,10,10,251.24,251.24,96.63,96.63,96.63,96.63,54,54,90,90,90,90,114,114,63.33,63.33,63.33,63.33,111,111,44.4,44.4,44.4,44.4,50,50,100,100,100,100,77,77,38.5,38.5,38.5,38.5,20,20,,,,,677.24,677.24,67.72,67.72,67.72,67.72,,
S23.11,10,20,10,10,10,8.71,9.64,10,20,9.06,9.63,10,9.32,9.73,10,10,9.16,10,10,9.42,8.74,10,20,9.73,20,5,5,5,5,5,5,5,5,5,5,5,5,5,5,54,56,59,122,117,25,25,97,10,10,256.63,256.63,98.7,98.7,98.7,98.7,60,60,100,100,100,100,169,169,93.89,93.89,93.89,93.89,239,239,95.6,95.6,95.6,95.6,50,50,100,100,100,100,97,97,48.5,48.5,48.5,48.5,20,20,,,,,891.63,891.63,89.16,89.16,89.16,89.16,,
S23.12,10,20,9.33,9.54,10,10,10,9.79,20,9.24,9.63,10,6.25,8.67,10,9.48,9.17,10,8.83,7.39,8.74,5.98,0,2.43,17.04,5,5,5,5,5,5,4,5,5,0,5,0,5,5,54,49,0,112,97,25,25,112,10,10,226.85,226.85,87.25,87.25,87.25,87.25,59,59,98.33,98.33,98.33,98.33,103,103,57.22,57.22,57.22,57.22,209,209,83.6,83.6,83.6,83.6,50,50,100,100,100,100,112,112,56,56,56,56,20,20,,,,,779.85,779.85,77.99,77.99,77.99,77.99,,
S23.13,10,0,9.32,10,8.4,0,0,0,20,9.43,10,9.6,9.33,3.67,10,8.42,9.17,10,10,0,10,4.66,18.4,0,20,5,5,5,0,5,5,5,5,5,5,5,0,5,5,0,55,52,118,113,25,25,128,10,0,200.4,200.4,77.08,77.08,77.08,77.08,60,60,100,100,100,100,107,107,59.44,59.44,59.44,59.44,231,231,92.4,92.4,92.4,92.4,50,50,100,100,100,100,128,128,64,64,64,64,10,10,,,,,786.4,786.4,78.64,78.64,78.64,78.64,,
S23.14,10,16,8.68,8.63,9.4,9.13,10,8.32,20,9.24,9.26,10,7.95,4.72,0.84,0,0,2.03,0,9.13,10,0,0,0,0,5,5,5,5,5,5,5,0,0,4,5,5,0,5,0,0,0,75,89,25,25,110,10,10,163.33,163.33,65.33,65.33,65.33,65.33,54,54,90,90,90,90,0,0,0,0,0,0,164,164,65.6,65.6,65.6,65.6,50,50,100,100,100,100,110,110,55,55,55,55,20,20,,,,,561.33,561.33,56.7,56.7,56.7,56.7,,
S23.15,10,16,9.67,10,9.3,9.13,9.64,9.79,20,9.82,10,10,9.55,0,9.72,8.94,9.16,10,8.83,10,10,9.67,20,9.73,20,5,5,5,5,5,5,5,5,5,0,5,5,0,5,60,59,59,122,108,25,25,157,10,10,251.18,251.18,96.61,96.61,96.61,96.61,60,60,100,100,100,100,178,178,98.89,98.89,98.89,98.89,230,230,92,92,92,92,50,50,100,100,100,100,157,157,78.5,78.5,78.5,78.5,20,20,,,,,946.18,946.18,94.62,94.62,94.62,94.62,,
S23.16,10,20,9.67,10,10,10,10,10,20,9.81,8.89,10,6.09,3.54,10,6.6,7.5,10,8.82,7.84,7.5,5.98,19.6,4.33,20,5,0,5,5,5,5,0,0,5,0,5,0,0,0,60,60,49,113,87,25,0,119,10,10,242.31,242.31,93.2,93.2,93.2,93.2,35,35,58.33,58.33,58.33,58.33,169,169,93.89,93.89,93.89,93.89,200,200,80,80,80,80,25,25,50,50,50,50,119,119,59.5,59.5,59.5,59.5,20,20,,,,,810.31,810.31,81.03,81.03,81.03,81.03,,
S23.17,10,20,9.66,10,9.4,7.38,9.64,7.27,20,8.29,8.15,10,7.03,0,9.72,6.86,9.17,7.49,8.24,9.71,8.74,8.66,19.6,9.46,20,5,5,5,5,5,5,0,5,5,5,5,0,5,5,47,41,52,78,71,0,25,100,10,10,240.58,240.58,92.53,92.53,92.53,92.53,60,60,100,100,100,100,140,140,77.78,77.78,77.78,77.78,149,149,59.6,59.6,59.6,59.6,25,25,50,50,50,50,100,100,50,50,50,50,20,20,,,,,734.58,734.58,73.46,73.46,73.46,73.46,,
S23.18,10,20,10,10,10,10,10,10,20,9.81,10,10,10,10,10,10,10,10,10,10,10,10,20,10,20,5,5,5,5,5,5,5,5,5,5,5,5,5,5,60,58,60,110,114,25,25,146,10,10,260,260,100,100,100,100,60,60,100,100,100,100,178,178,98.89,98.89,98.89,98.89,224,224,89.6,89.6,89.6,89.6,50,50,100,100,100,100,146,146,73,73,73,73,20,20,,,,,938,938,93.8,93.8,93.8,93.8,,
S23.19,10,20,9,9.09,10,10,9.28,9.79,20,9.24,10,10,9.55,10,9.72,10,9.17,10,10,10,10,9.67,20,10,20,5,5,5,5,5,5,5,5,5,5,5,5,5,5,60,60,60,86,110,25,25,138,10,10,257.25,257.25,98.94,98.94,98.94,98.94,60,60,100,100,100,100,180,180,100,100,100,100,196,196,78.4,78.4,78.4,78.4,50,50,100,100,100,100,138,138,69,69,69,69,20,20,,,,,901.25,901.25,90.13,90.13,90.13,90.13,,
S23.20,10,20,10,9.54,10,9.57,10,9.39,20,9.81,10,10,10,10,10,10,10,10,10,10,10,9.67,20,10,20,5,5,5,5,5,5,5,5,5,5,5,5,5,5,60,60,60,128,125,25,25,179,10,10,259.48,259.48,99.8,99.8,99.8,99.8,60,60,100,100,100,100,180,180,100,100,100,100,253,253,101.2,101.2,101.2,101.2,50,50,100,100,100,100,179,179,89.5,89.5,89.5,89.5,20,20,,,,,1001.48,1001.48,100.15,100.15,100.15,100.15,,
S23.21,10,20,10,10,10,10,9.64,10,20,9.82,10,10,10,9.73,10,10,10,9.38,9.41,9.71,10,10,20,10,17.04,5,5,5,5,5,5,5,5,0,5,5,5,5,5,56,50,54,112,113,25,25,137,10,10,248.9,248.9,99.56,99.56,99.56,99.56,60,60,100,100,100,100,160,160,88.89,88.89,88.89,88.89,225,225,90,90,90,90,50,50,100,100,100,100,137,137,68.5,68.5,68.5,68.5,20,20,,,,,900.9,900.9,91,91,91,91,,
S23.22,10,20,10,9.54,9.6,10,10,10,20,9.25,10,10,10,10,5,9.47,8.34,10,9.42,10,10,10,19.6,10,20,5,5,5,5,5,5,5,5,5,5,5,5,5,5,58,59,60,122,120,25,25,195,10,10,257.63,257.63,99.09,99.09,99.09,99.09,60,60,100,100,100,100,177,177,98.33,98.33,98.33,98.33,242,242,96.8,96.8,96.8,96.8,50,50,100,100,100,100,195,195,97.5,97.5,97.5,97.5,20,20,,,,,1001.63,1001.63,100.16,100.16,100.16,100.16,,
S23.23,10,20,10,10,9.3,9.13,10,9.8,20,9.62,10,10,8.64,9.74,10,10,8.34,9.69,9.41,9.14,10,8.65,19.6,2.17,20,5,5,5,5,5,5,5,5,5,5,5,5,5,5,60,56,60,102,97,25,25,130,10,10,254.08,254.08,97.72,97.72,97.72,97.72,60,60,100,100,100,100,176,176,97.78,97.78,97.78,97.78,199,199,79.6,79.6,79.6,79.6,50,50,100,100,100,100,130,130,65,65,65,65,20,20,,,,,889.08,889.08,88.91,88.91,88.91,88.91,,
S23.24,10,20,9,10,9.4,9.56,9.64,10,20,9.43,10,10,9.77,9.74,9.72,10,10,9.38,9.41,9.71,10,9.67,19.6,9.73,20,5,5,5,5,5,5,5,5,5,5,5,5,5,5,57,56,54,99,103,25,25,160,10,10,255.98,255.98,98.45,98.45,98.45,98.45,60,60,100,100,100,100,167,167,92.78,92.78,92.78,92.78,202,202,80.8,80.8,80.8,80.8,50,50,100,100,100,100,160,160,80,80,80,80,20,20,,,,,914.98,914.98,91.5,91.5,91.5,91.5,,
S23.25,10,20,9.34,8.64,9.4,10,9.28,7.48,19.52,10,9.63,10,8.41,8.67,9.72,5,8.34,10,9.41,4.86,10,9.33,19.2,8.65,20,5,5,5,5,5,5,5,0,5,5,5,0,5,5,54,44,54,88,89,25,25,85,10,10,247.54,247.54,95.21,95.21,95.21,95.21,60,60,100,100,100,100,152,152,84.44,84.44,84.44,84.44,177,177,70.8,70.8,70.8,70.8,50,50,100,100,100,100,85,85,42.5,42.5,42.5,42.5,20,20,,,,,791.54,791.54,79.15,79.15,79.15,79.15,,
S23.26,10,20,9.67,9.54,9.7,9.13,9.64,10,20,9.62,10,10,8.85,7.36,9.16,9.47,10,10,9.41,9.42,10,7.34,20,0.54,14.82,5,5,5,5,5,5,5,5,5,5,5,5,5,5,55,57,58,124,110,25,25,139,10,10,240.97,240.97,96.39,96.39,96.39,96.39,60,60,100,100,100,100,170,170,94.44,94.44,94.44,94.44,234,234,93.6,93.6,93.6,93.6,50,50,100,100,100,100,139,139,69.5,69.5,69.5,69.5,20,20,,,,,913.97,913.97,92.32,92.32,92.32,92.32,,
S23.27,10,20,10,10,10,10,10,10,20,10,10,10,10,10,10,10,10,10,10,10,10,10,20,10,20,5,5,5,5,5,5,5,5,5,5,5,5,5,5,60,59,60,121,121,25,25,153,10,10,250,250,100,100,100,100,60,60,100,100,100,100,179,179,99.44,99.44,99.44,99.44,242,242,96.8,96.8,96.8,96.8,50,50,100,100,100,100,153,153,76.5,76.5,76.5,76.5,20,20,,,,,954,954,96.36,96.36,96.36,96.36,,
S23.28,10,20,10,10,10,9.57,9.64,10,20,9.24,9.26,9.1,9.12,9.2,9.73,8.94,10,10,9.41,10,10,8.65,18.8,9.73,19.26,5,EX,5,5,5,4,5,2,0,2,5,5,5,5,57,58,59,98,110,25,25,139.5,10,10,252.96,252.96,97.29,97.29,97.29,97.29,51,51,92.73,92.73,92.73,92.73,174,174,96.67,96.67,96.67,96.67,208,208,83.2,83.2,83.2,83.2,50,50,100,100,100,100,139.5,139.5,69.75,69.75,69.75,69.75,20,20,,,,,895.46,895.46,90,90,90,90,,
S23.29,10,20,10,7.73,9.6,9.14,10,8.99,20,10,9.63,10,9.55,10,10,8.94,8.34,9.69,9.41,9.42,10,9.34,19.6,9.72,15.56,5,5,5,5,5,5,5,5,5,5,5,5,5,5,58,59,60,102,120,25,25,110,10,10,243.03,243.03,97.21,97.21,97.21,97.21,60,60,100,100,100,100,177,177,98.33,98.33,98.33,98.33,222,222,88.8,88.8,88.8,88.8,50,50,100,100,100,100,110,110,55,55,55,55,20,20,,,,,882.03,882.03,89.09,89.09,89.09,89.09,,
S23.30,10,20,9.67,9.08,10,10,10,9.79,19.04,4.91,0.38,10,10,8.81,10,10,9.17,9.38,10,10,8.11,9.67,20,9.73,19.26,5,5,5,5,5,0,5,5,0,5,5,5,2,5,58,56,54,120,110,25,25,162,10,10,253.6,253.6,97.54,97.54,97.54,97.54,57,57,95,95,95,95,168,168,93.33,93.33,93.33,93.33,230,230,92,92,92,92,50,50,100,100,100,100,162,162,81,81,81,81,20,20,,,,,940.6,940.6,94.06,94.06,94.06,94.06,,
S23.31,10,18,10,9.08,9.4,9.14,10,9.39,20,9.24,9.63,10,5,4.87,8.91,9.48,10,9.05,8.23,9.42,8.74,6.49,18.8,8.64,17.78,5,5,5,5,5,5,4,5,5,4,5,0,5,5,54,50,42,103,91,25,25,120,10,10,242.93,242.93,93.43,93.43,93.43,93.43,59,59,98.33,98.33,98.33,98.33,146,146,81.11,81.11,81.11,81.11,194,194,77.6,77.6,77.6,77.6,50,50,100,100,100,100,120,120,60,60,60,60,20,20,,,,,831.93,831.93,83.19,83.19,83.19,83.19,,
S23.32,10,0,0,0,0,8.71,0,0,0,7.72,0,0,0,0,0,0,0,0,0,0,0,0,0,0,0,5,5,5,0,0,0,0,0,0,0,0,0,0,0,0,0,0,0,0,0,0,0,10,0,26.43,26.43,10.57,10.57,10.57,10.57,15,15,25,25,25,25,0,0,0,0,0,0,0,0,0,0,0,0,0,0,0,0,0,0,0,0,0,0,0,0,10,10,,,,,51.43,51.43,5.19,5.19,5.19,5.19,,
S23.33,10,18,10,9.54,9.6,9.56,10,10,20,9.45,10,10,9.54,5,10,10,10,10,9.41,9.71,9.37,3.66,17.2,1.63,20,5,5,5,5,5,5,5,5,5,5,5,5,5,0,60,59,60,126,106,25,25,129,10,10,251.38,251.38,96.68,96.68,96.68,96.68,55,55,91.67,91.67,91.67,91.67,179,179,99.44,99.44,99.44,99.44,232,232,92.8,92.8,92.8,92.8,50,50,100,100,100,100,129,129,64.5,64.5,64.5,64.5,20,20,,,,,916.38,916.38,91.64,91.64,91.64,91.64,,
S23.34,10,20,10,10,10,9.14,9.64,0,20,0,0,5,10,4.87,0,5,10,9.06,9.41,9.71,9.38,1.33,19.6,10,20,5,5,5,5,5,5,5,3,0,5,5,5,0,5,60,53,0,123,107,25,25,142,10,10,222.14,222.14,85.44,85.44,85.44,85.44,58,58,96.67,96.67,96.67,96.67,113,113,62.78,62.78,62.78,62.78,230,230,92,92,92,92,50,50,100,100,100,100,142,142,71,71,71,71,20,20,,,,,835.14,835.14,83.51,83.51,83.51,83.51,,
S23.35,10,20,9.67,9.54,9.7,9.57,9.64,8.55,19.52,9.43,2.23,9.79,8.86,8.94,7.22,3.7,7.49,7.21,7.64,9.72,8.74,7,19.8,9.73,14.08,5,5,5,5,5,0,5,5,5,0,5,5,5,5,55,56,60,97,69,25,25,71,10,10,227.76,227.76,91.1,91.1,91.1,91.1,60,60,100,100,100,100,171,171,95,95,95,95,166,166,66.4,66.4,66.4,66.4,50,50,100,100,100,100,71,71,35.5,35.5,35.5,35.5,20,20,,,,,765.76,765.76,77.35,77.35,77.35,77.35,,
S23.36,10,20,9.66,9.54,10,9.13,9.29,9.59,20,9.05,8.15,10,2.64,0,0,0,0,7.46,8.82,10,8.11,10,19.2,7.02,20,5,5,5,0,5,5,0,5,5,0,5,5,5,0,51,59,55,118,112,25,25,200,10,10,227.66,227.66,87.56,87.56,87.56,87.56,50,50,83.33,83.33,83.33,83.33,165,165,91.67,91.67,91.67,91.67,230,230,92,92,92,92,50,50,100,100,100,100,200,200,100,100,100,100,20,20,,,,,942.66,942.66,94.27,94.27,94.27,94.27,,
S23.37,10,20,9.33,6.37,9.7,10,9.64,8.34,20,9.25,8.52,8.95,8.42,7.33,5.83,0,8.34,9.07,8.82,9.14,0,0.66,18.8,8.64,20,5,5,0,0,5,4,5,0,0,5,5,0,5,0,55,56,37,84,93,25,25,108,10,10,234.49,234.49,90.19,90.19,90.19,90.19,39,39,65,65,65,65,148,148,82.22,82.22,82.22,82.22,177,177,70.8,70.8,70.8,70.8,50,50,100,100,100,100,108,108,54,54,54,54,20,20,,,,,776.49,776.49,77.65,77.65,77.65,77.65,,
S23.38,10,20,10,10,10,9.56,9.64,10,19.52,8.86,10,10,9.33,9.47,9.44,9.47,8.33,10,8.82,10,10,9.66,20,10,20,5,5,5,5,5,0,5,5,5,5,5,0,5,5,60,57,57,117,96,25,25,177,10,10,256.09,256.09,98.5,98.5,98.5,98.5,60,60,100,100,100,100,174,174,96.67,96.67,96.67,96.67,213,213,85.2,85.2,85.2,85.2,50,50,100,100,100,100,177,177,88.5,88.5,88.5,88.5,20,20,,,,,950.09,950.09,95.01,95.01,95.01,95.01,,
S23.39,10,20,10,9.54,10,10,10,10,20,9.81,10,10,9.78,10,10,9.47,10,10,10,10,10,9.66,20,10,20,5,5,5,5,5,5,5,5,5,5,5,5,5,5,60,60,60,126,125,25,25,163,10,10,259.59,259.59,99.84,99.84,99.84,99.84,60,60,100,100,100,100,180,180,100,100,100,100,251,251,100.4,100.4,100.4,100.4,50,50,100,100,100,100,163,163,81.5,81.5,81.5,81.5,20,20,,,,,983.59,983.59,98.36,98.36,98.36,98.36,,
S23.40,10,20,10,10,0,9.13,10,8.99,20,8.87,7.41,0,0,0,9.72,5,10,4.2,9.41,8.55,0,8,16.4,0,20,5,5,5,5,5,5,0,5,5,5,5,5,5,5,54,0,43,113,113,25,25,113,10,0,205.68,205.68,79.11,79.11,79.11,79.11,60,60,100,100,100,100,97,97,53.89,53.89,53.89,53.89,226,226,90.4,90.4,90.4,90.4,50,50,100,100,100,100,113,113,56.5,56.5,56.5,56.5,10,10,,,,,761.68,761.68,76.17,76.17,76.17,76.17,,
S23.41,10,20,9.33,2.76,9.3,7.85,9.64,8.76,15.2,8.68,10,9.09,5.66,8.15,9.72,8.95,8.34,10,10,1.73,7.49,8.18,16,7.03,15.56,5,5,5,5,5,5,4,3,5,4,5,5,5,5,43,56,60,77,72,25,25,95,10,10,227.26,227.26,87.41,87.41,87.41,87.41,59,59,98.33,98.33,98.33,98.33,159,159,88.33,88.33,88.33,88.33,149,149,59.6,59.6,59.6,59.6,50,50,100,100,100,100,95,95,47.5,47.5,47.5,47.5,20,20,,,,,759.26,759.26,75.93,75.93,75.93,75.93,,
S23.42,10,20,10,9.54,10,9.56,10,10,20,10,10,10,10,10,10,10,10,10,10,10,10,10,20,10,20,5,5,5,5,5,5,5,5,5,5,5,5,5,5,60,58,59,119,114,25,25,144,10,10,260,260,100,100,100,100,60,60,100,100,100,100,177,177,98.33,98.33,98.33,98.33,233,233,93.2,93.2,93.2,93.2,50,50,100,100,100,100,144,144,72,72,72,72,20,20,,,,,944,944,94.4,94.4,94.4,94.4,,
S23.43,10,20,8.99,9.54,9.3,7.81,10,10,20,9.62,10,10,7.59,9.73,10,10,10,6.41,9.41,10,10,8.31,20,9.73,20,5,5,5,5,5,5,5,5,5,5,5,5,5,5,57,58,59,104,116,25,25,162,10,10,254.63,254.63,97.93,97.93,97.93,97.93,60,60,100,100,100,100,174,174,96.67,96.67,96.67,96.67,220,220,88,88,88,88,50,50,100,100,100,100,162,162,81,81,81,81,20,20,,,,,940.63,940.63,94.06,94.06,94.06,94.06,,
S23.44,10,20,9.01,10,10,9.57,9.28,9.18,20,9.62,8.52,10,9.09,3.4,5.31,1.58,4.57,0.93,0,8.27,6.26,0,6,1.08,13.34,5,5,5,5,5,0,0,0,0,0,5,0,0,0,60,58,47,125,92,25,25,94,10,10,194.08,194.08,74.64,74.64,74.64,74.64,30,30,50,50,50,50,165,165,91.67,91.67,91.67,91.67,217,217,86.8,86.8,86.8,86.8,50,50,100,100,100,100,94,94,47,47,47,47,20,20,,,,,770.08,770.08,77.01,77.01,77.01,77.01,,
S23.45,10,20,9.01,8.64,9.4,9.57,10,9.79,19.04,9.62,8.89,9.2,3.48,8.69,9.46,9.47,8.34,0,8.82,10,9.37,6.31,18.4,7.84,16.3,5,5,5,5,5,5,4,5,5,4,5,5,5,5,60,59,58,60,62,25,25,73,10,10,239.85,239.85,92.25,92.25,92.25,92.25,60,60,100,100,100,100,177,177,98.33,98.33,98.33,98.33,122,122,48.8,48.8,48.8,48.8,50,50,100,100,100,100,73,73,36.5,36.5,36.5,36.5,20,20,,,,,741.85,741.85,74.19,74.19,74.19,74.19,,
S23.46,10,20,10,10,9.7,10,9.64,9.79,17.12,7.53,8.15,10,2.88,8.44,6.96,10,10,10,2.92,10,8.12,3.67,0,10,12.6,5,5,5,5,5,5,5,5,5,5,5,5,5,5,52,49,54,118,104,25,25,158,10,10,218.05,218.05,83.87,83.87,83.87,83.87,60,60,100,100,100,100,155,155,86.11,86.11,86.11,86.11,222,222,88.8,88.8,88.8,88.8,50,50,100,100,100,100,158,158,79,79,79,79,20,20,,,,,883.05,883.05,88.31,88.31,88.31,88.31,,
S23.47,10,20,10,10,5.8,7.39,9.28,10,20,10,10,10,7.74,9.21,10,9.47,10,10,9.41,10,10,6.32,18.8,1.62,14.82,5,5,5,0,5,5,0,5,5,0,5,0,5,0,48,57,60,81,88,25,25,52,10,10,237.62,237.62,95.05,95.05,95.05,95.05,45,45,75,75,75,75,165,165,91.67,91.67,91.67,91.67,169,169,67.6,67.6,67.6,67.6,50,50,100,100,100,100,52,52,26,26,26,26,20,20,,,,,738.62,738.62,74.61,74.61,74.61,74.61,,
S23.48,10,20,10,9.09,9,8.71,9.64,9.79,20,8.86,10,10,9.78,8.95,10,9.47,10,9.07,8.83,9.13,10,10,18.8,8.38,20,5,5,5,5,5,5,5,0,0,5,5,5,5,0,60,56,60,108,115,25,25,124.5,10,10,251.58,251.58,96.76,96.76,96.76,96.76,55,55,91.67,91.67,91.67,91.67,176,176,97.78,97.78,97.78,97.78,223,223,89.2,89.2,89.2,89.2,50,50,100,100,100,100,124.5,124.5,62.25,62.25,62.25,62.25,20,20,,,,,900.08,900.08,90.01,90.01,90.01,90.01,,
S23.49,10,20,9,10,9.6,10,10,9.37,20,9.63,9.63,10,10,9.73,10,9.47,9.17,9.69,10,5,10,9.67,20,10,20,5,5,5,5,5,5,5,5,5,5,5,5,5,5,56,60,57,100,117,25,25,166,10,10,256.79,256.79,98.77,98.77,98.77,98.77,60,60,100,100,100,100,173,173,96.11,96.11,96.11,96.11,217,217,86.8,86.8,86.8,86.8,50,50,100,100,100,100,166,166,83,83,83,83,20,20,,,,,942.79,942.79,94.28,94.28,94.28,94.28,,
S23.50,10,18,9,7.27,8.8,0,2.52,3.14,0,9.06,9.26,9.8,6.59,5.79,9.19,10,9.17,9.37,10,9.43,10,6.33,20,5.14,11.86,5,5,5,5,5,5,5,5,5,5,5,5,5,5,58,54,55,84,82,25,25,75,10,10,204.06,204.06,78.48,78.48,78.48,78.48,60,60,100,100,100,100,167,167,92.78,92.78,92.78,92.78,166,166,66.4,66.4,66.4,66.4,50,50,100,100,100,100,75,75,37.5,37.5,37.5,37.5,20,20,,,,,742.06,742.06,74.21,74.21,74.21,74.21,,
S23.51,10,20,9,9.54,9.1,9.57,10,9.17,20,9.46,10,10,9.56,10,9.72,9.47,8.33,9.07,10,10,10,9.66,20,6.76,19.26,5,5,5,5,5,5,5,5,5,5,5,5,5,5,53,58,60,120,120,25,25,183,10,10,253.58,253.58,97.53,97.53,97.53,97.53,60,60,100,100,100,100,171,171,95,95,95,95,240,240,96,96,96,96,50,50,100,100,100,100,183,183,91.5,91.5,91.5,91.5,20,20,,,,,977.58,977.58,97.76,97.76,97.76,97.76,,
S23.52,10,20,10,10,9.6,9.57,10,10,11.36,9.63,10,10,9.77,10,10,8.42,8.34,3.91,7.06,4.86,3.72,0,0,1.22,0,5,5,5,5,5,5,5,5,4,5,5,5,5,5,49,59,0,110,110,25,25,94,10,0,196.23,196.23,78.49,78.49,78.49,78.49,60,60,100,100,100,100,108,108,60,60,60,60,220,220,88,88,88,88,50,50,100,100,100,100,94,94,47,47,47,47,10,10,,,,,738.23,738.23,74.57,74.57,74.57,74.57,,
S23.53,10,20,9.67,9.54,10,10,10,10,20,10,10,10,10,10,10,10,10,10,10,10,10,10,20,10,20,5,5,5,5,5,5,5,5,5,5,5,5,0,5,54,59,60,100,124,25,25,125,10,10,260,260,100,100,100,100,60,60,100,100,100,100,173,173,96.11,96.11,96.11,96.11,224,224,89.6,89.6,89.6,89.6,50,50,100,100,100,100,125,125,62.5,62.5,62.5,62.5,20,20,,,,,912,912,91.2,91.2,91.2,91.2,,
S23.54,10,0,9,3.2,0,0,0,4.36,0,0,0,0,0,0,0,0,0,8.41,0,0,0,0,0,0,0,0,0,0,0,0,0,0,0,0,0,0,0,0,0,0,0,0,0,0,0,0,0,0,0,34.97,34.97,13.99,13.99,13.99,13.99,0,0,0,0,0,0,0,0,0,0,0,0,0,0,0,0,0,0,0,0,0,0,0,0,0,0,0,0,0,0,0,0,,,,,34.97,34.97,3.53,3.53,3.53,3.53,,
S23.55,10,20,10,10,10,10,9.29,9.16,20,9.24,10,9.6,7.27,9.2,10,9.47,8.34,8.43,8.83,9.71,10,7.31,0,8.65,16.3,5,5,5,5,5,5,5,5,5,5,5,5,5,5,60,60,54,122,121,25,25,181,10,10,219.92,219.92,87.97,87.97,87.97,87.97,60,60,100,100,100,100,174,174,96.67,96.67,96.67,96.67,243,243,97.2,97.2,97.2,97.2,50,50,100,100,100,100,181,181,90.5,90.5,90.5,90.5,20,20,,,,,947.92,947.92,95.75,95.75,95.75,95.75,,
S23.56,10,20,10,9.54,9.7,10,10,10,20,10,10,10,10,10,10,10,10,5,8.83,10,10,10,20,10,20,5,5,5,5,5,4,5,5,0,5,5,5,5,5,57,60,60,128,121,25,25,174,10,10,259.7,259.7,99.88,99.88,99.88,99.88,60,60,100,100,100,100,177,177,98.33,98.33,98.33,98.33,249,249,99.6,99.6,99.6,99.6,50,50,100,100,100,100,174,174,87,87,87,87,20,20,,,,,989.7,989.7,98.97,98.97,98.97,98.97,,
S23.57,10,20,10,10,9.7,10,10,10,20,9.62,10,9.8,8.63,10,9.19,10,10,10,9.41,10,10,9.67,20,10,20,5,5,5,0,5,5,5,5,5,5,5,5,0,5,57,60,60,119,107,25,25,139,10,10,258.79,258.79,99.53,99.53,99.53,99.53,60,60,100,100,100,100,177,177,98.33,98.33,98.33,98.33,226,226,90.4,90.4,90.4,90.4,50,50,100,100,100,100,139,139,69.5,69.5,69.5,69.5,20,20,,,,,930.79,930.79,93.08,93.08,93.08,93.08,,
S23.58,10,16,7.65,0,2.7,5.22,8.57,0,11.4,8.11,4.44,9.4,4.77,4.97,8.91,9.47,7.51,8.1,4.13,2.6,0,0,0,0,0,5,0,0,0,0,0,0,0,5,5,5,0,5,0,0,0,0,0,63,25,0,0,0,0,133.95,133.95,53.58,53.58,53.58,53.58,25,25,41.67,41.67,41.67,41.67,0,0,0,0,0,0,63,63,25.2,25.2,25.2,25.2,25,25,50,50,50,50,0,0,0,0,0,0,0,0,,,,,246.95,246.95,24.94,24.94,24.94,24.94,,
S23.59,10,20,8.34,10,9.6,9.56,10,9.39,20,9.62,8.89,10,9.78,10,10,4.74,8.32,10,0,9.13,10,8.32,19.6,4.06,17.04,5,5,5,5,5,5,5,5,5,4,5,5,5,5,60,57,60,105,60,25,25,62,10,10,247.59,247.59,95.23,95.23,95.23,95.23,60,60,100,100,100,100,177,177,98.33,98.33,98.33,98.33,165,165,66,66,66,66,50,50,100,100,100,100,62,62,31,31,31,31,20,20,,,,,781.59,781.59,78.16,78.16,78.16,78.16,,
S23.60,10,20,10,10,9.7,9.13,9.64,10,20,10,10,10,10,9.47,10,10,8.34,10,10,10,10,9.32,20,10,20,5,5,5,5,5,5,5,5,5,5,5,5,0,5,58,59,55,105,102,25,25,102,10,10,258.81,258.81,99.54,99.54,99.54,99.54,60,60,100,100,100,100,172,172,95.56,95.56,95.56,95.56,207,207,82.8,82.8,82.8,82.8,50,50,100,100,100,100,102,102,51,51,51,51,20,20,,,,,869.81,869.81,86.98,86.98,86.98,86.98,,
S23.61,10,20,8.68,7.28,2.7,5.68,9.28,10,20,9.43,8.89,9.2,1.61,3.69,5.88,0,2.49,7.48,5.3,1.16,1.87,3.3,16.4,2.43,11.12,5,0,5,0,5,5,5,5,5,0,5,5,5,5,40,28,45,115,92,25,25,77,10,10,181.11,181.11,69.66,69.66,69.66,69.66,55,55,91.67,91.67,91.67,91.67,113,113,62.78,62.78,62.78,62.78,207,207,82.8,82.8,82.8,82.8,50,50,100,100,100,100,77,77,38.5,38.5,38.5,38.5,20,20,,,,,703.11,703.11,70.31,70.31,70.31,70.31,,
S23.62,10,20,10,10,9,9.57,9.64,9.79,20,9.81,10,10,9.78,10,10,9.48,5,0,2.92,10,10,9.33,20,0,20,5,5,0,5,5,5,5,0,5,5,5,5,5,5,49,60,60,119,111,25,25,175,10,10,251.4,251.4,96.69,96.69,96.69,96.69,60,60,100,100,100,100,169,169,93.89,93.89,93.89,93.89,230,230,92,92,92,92,50,50,100,100,100,100,175,175,87.5,87.5,87.5,87.5,20,20,,,,,955.4,955.4,95.54,95.54,95.54,95.54,,
S23.63,10,20,9.66,9.54,10,9.14,9.28,10,20,9.81,8.52,9.6,9.09,5.75,9.72,9.47,9.17,4.69,9.41,9.71,10,8.3,19.2,2.97,19.26,5,5,5,5,5,5,5,5,0,5,5,0,5,5,60,58,60,121,116,25,25,149,10,10,248.88,248.88,95.72,95.72,95.72,95.72,60,60,100,100,100,100,178,178,98.89,98.89,98.89,98.89,237,237,94.8,94.8,94.8,94.8,50,50,100,100,100,100,149,149,74.5,74.5,74.5,74.5,20,20,,,,,942.88,942.88,94.29,94.29,94.29,94.29,,
S23.64,10,20,9.01,9.08,9.1,9.12,9.28,8.56,17.12,8.11,8.15,9.8,9.1,5.47,2.37,8.95,9.17,10,7.06,9.13,8.76,1.98,18.4,7.57,19.26,5,5,5,5,5,5,5,5,0,5,5,5,0,5,60,59,60,84,92,25,25,87,10,10,234.73,234.73,90.28,90.28,90.28,90.28,60,60,100,100,100,100,179,179,99.44,99.44,99.44,99.44,176,176,70.4,70.4,70.4,70.4,50,50,100,100,100,100,87,87,43.5,43.5,43.5,43.5,20,20,,,,,806.73,806.73,80.67,80.67,80.67,80.67,,
S23.65,10,20,10,10,9.6,10,7.86,10,19.08,9.05,8.52,5,4.94,0,9.18,0,0,10,0,0,10,0,20,0.27,18.15,5,5,5,5,5,5,5,5,5,5,5,0,5,5,56,58,60,118,118,25,25,163,10,10,201.65,201.65,77.56,77.56,77.56,77.56,60,60,100,100,100,100,174,174,96.67,96.67,96.67,96.67,236,236,94.4,94.4,94.4,94.4,50,50,100,100,100,100,163,163,81.5,81.5,81.5,81.5,20,20,,,,,904.65,904.65,90.47,90.47,90.47,90.47,,
S23.66,10,0,9.33,10,10,9.14,0,0,0,9.05,7.04,10,0,0,0,0,0,0,0,0,0,0,0,0,0,5,0,5,0,5,0,5,5,0,0,0,0,0,0,0,0,0,18,0,0,0,0,10,0,74.56,74.56,29.82,29.82,29.82,29.82,25,25,41.67,41.67,41.67,41.67,0,0,0,0,0,0,18,18,7.2,7.2,7.2,7.2,0,0,0,0,0,0,0,0,0,0,0,0,10,10,,,,,127.56,127.56,12.88,12.88,12.88,12.88,,
S23.67,10,20,10,10,10,9.13,10,9.37,20,9.05,10,10,10,10,9.72,9.47,9.17,10,10,10,10,8.32,18.8,9.73,20,5,5,5,5,5,5,5,5,5,5,5,5,5,5,60,60,59,108,102,25,25,90,10,10,256.26,256.26,98.56,98.56,98.56,98.56,60,60,100,100,100,100,179,179,99.44,99.44,99.44,99.44,210,210,84,84,84,84,50,50,100,100,100,100,90,90,45,45,45,45,20,20,,,,,865.26,865.26,86.53,86.53,86.53,86.53,,
S23.68,10,20,9.67,10,10,10,10,9.79,20,9.62,10,10,10,9.74,10,10,10,9.69,0,0,10,0.66,19.6,3.25,14.82,5,5,5,5,5,5,0,5,0,5,5,5,0,5,53,56,48,107,103,25,25,87,10,0,246.18,246.18,94.68,94.68,94.68,94.68,55,55,91.67,91.67,91.67,91.67,157,157,87.22,87.22,87.22,87.22,210,210,84,84,84,84,50,50,100,100,100,100,87,87,43.5,43.5,43.5,43.5,10,10,,,,,815.18,815.18,81.52,81.52,81.52,81.52,,
S23.69,10,0,10,10,0,6.48,8.93,10,20,0,0,0,0,0,9.72,0,0,0,0,0,0,7.99,0,0,5.92,5,5,5,5,5,5,5,5,5,5,5,5,5,5,60,60,49,119,119,25,25,143,0,10,99.04,99.04,38.09,38.09,38.09,38.09,60,60,100,100,100,100,169,169,93.89,93.89,93.89,93.89,238,238,95.2,95.2,95.2,95.2,50,50,100,100,100,100,143,143,71.5,71.5,71.5,71.5,10,10,,,,,769.04,769.04,76.9,76.9,76.9,76.9,,
S23.70,10,0,8.32,7.73,10,1.76,10,9.79,20,4.34,9.26,1.5,6.56,4.47,9.44,3.71,0,5,9.41,8.02,0,3.68,17.2,1.09,9.64,0,5,0,0,5,0,5,5,0,5,5,5,5,5,57,57,58,74,103,25,25,82,10,10,169.83,169.83,65.32,65.32,65.32,65.32,45,45,75,75,75,75,172,172,95.56,95.56,95.56,95.56,177,177,70.8,70.8,70.8,70.8,50,50,100,100,100,100,82,82,41,41,41,41,20,20,,,,,715.83,715.83,71.58,71.58,71.58,71.58,,
S23.71,10,20,10,10,10,9.56,9.29,10,20,9.06,8.15,10,5,10,10,6.05,8.32,9.38,0,10,10,9.67,20,10,19.26,5,5,5,5,5,5,5,5,0,5,5,5,5,5,60,55,60,110,115,25,25,168,10,10,252.69,252.69,97.19,97.19,97.19,97.19,60,60,100,100,100,100,175,175,97.22,97.22,97.22,97.22,225,225,90,90,90,90,50,50,100,100,100,100,168,168,84,84,84,84,20,20,,,,,950.69,950.69,95.07,95.07,95.07,95.07,,
S23.72,10,20,9.67,10,9.6,9.57,10,10,20,9.81,0,5,7.11,0,0,5,5,0,0,0,0,0,0,0,0,5,5,5,0,5,5,0,0,0,0,5,5,0,0,58,60,0,114,73,25,0,92,10,0,140.76,140.76,56.31,56.31,56.31,56.31,35,35,58.33,58.33,58.33,58.33,118,118,65.56,65.56,65.56,65.56,187,187,74.8,74.8,74.8,74.8,25,25,50,50,50,50,92,92,46,46,46,46,10,10,,,,,607.76,607.76,61.39,61.39,61.39,61.39,,
S23.73,10,20,9.67,9.54,9.6,10,10,10,20,10,10,10,10,10,10,10,10,10,10,10,10,10,20,9.73,19.26,5,5,5,5,5,5,5,5,5,5,5,5,5,5,60,60,60,124,106,25,25,169,10,10,249.4,249.4,99.76,99.76,99.76,99.76,60,60,100,100,100,100,180,180,100,100,100,100,230,230,92,92,92,92,50,50,100,100,100,100,169,169,84.5,84.5,84.5,84.5,20,20,,,,,958.4,958.4,96.81,96.81,96.81,96.81,,
S23.74,10,0,8.68,8.62,0,0,9.3,1.6,0,8.86,8.15,4.7,0,0,6.55,10,10,5.14,0,0,5,7.65,0,1.9,20,5,0,5,5,5,5,5,0,0,5,5,5,5,5,30,49,55,96,112,25,25,149,10,0,126.14,126.14,48.52,48.52,48.52,48.52,55,55,91.67,91.67,91.67,91.67,134,134,74.44,74.44,74.44,74.44,208,208,83.2,83.2,83.2,83.2,50,50,100,100,100,100,149,149,74.5,74.5,74.5,74.5,10,10,,,,,732.14,732.14,73.21,73.21,73.21,73.21,,
S23.75,10,12,8.33,10,5.5,10,6.06,0.21,0,0,0,0.2,0.66,0.52,0,0,0,6.84,0,0,0,0,0,0,0,5,0,5,0,5,0,0,0,0,0,0,0,0,0,0,0,0,34,0,0,0,0,10,0,70.32,70.32,28.13,28.13,28.13,28.13,15,15,25,25,25,25,0,0,0,0,0,0,34,34,13.6,13.6,13.6,13.6,0,0,0,0,0,0,0,0,0,0,0,0,10,10,,,,,129.32,129.32,13.06,13.06,13.06,13.06,,
S23.76,10,0,5.65,10,9.3,3.47,1.08,0,0.92,9.62,10,10,8.24,6.45,8.88,8.94,10,9.07,9.41,9.71,9.38,10,0,0,0,0,5,5,5,5,5,5,0,5,5,5,0,0,0,40,0,0,81,42,25,0,0,10,0,160.12,160.12,64.05,64.05,64.05,64.05,45,45,75,75,75,75,40,40,22.22,22.22,22.22,22.22,123,123,49.2,49.2,49.2,49.2,25,25,50,50,50,50,0,0,0,0,0,0,10,10,,,,,403.12,403.12,40.72,40.72,40.72,40.72,,
S23.77,10,20,9.67,0,9.6,10,9.64,10,19.04,7.35,10,10,8.62,9.47,3.06,5.81,2.5,7.21,8.23,10,10,8.31,0,8.91,11.12,5,5,5,5,5,5,0,0,0,0,5,0,0,0,54,57,59,124,106,25,25,162,10,10,204.92,204.92,81.97,81.97,81.97,81.97,35,35,58.33,58.33,58.33,58.33,170,170,94.44,94.44,94.44,94.44,230,230,92,92,92,92,50,50,100,100,100,100,162,162,81,81,81,81,20,20,,,,,871.92,871.92,88.07,88.07,88.07,88.07,,
S23.78,10,0,0,0,0,0,0,0,0,0,0,0,0,0,0,0,0,0,0,0,0,0,0,0,0,5,5,0,5,5,0,0,0,0,0,0,0,0,0,0,0,0,76,0,0,0,0,0,0,10,10,4,4,4,4,20,20,33.33,33.33,33.33,33.33,0,0,0,0,0,0,76,76,30.4,30.4,30.4,30.4,0,0,0,0,0,0,0,0,0,0,0,0,0,0,,,,,106,106,10.71,10.71,10.71,10.71,,
S23.79,10,20,8.33,8.63,9.6,8.26,9.28,9.6,20,9.62,10,10,8.42,9.73,10,10,10,10,8.82,10,10,9.67,20,9.73,20,5,5,5,5,5,5,5,5,5,5,5,5,5,5,57,59,59,90,74,25,25,117,10,10,254.68,254.68,97.95,97.95,97.95,97.95,60,60,100,100,100,100,175,175,97.22,97.22,97.22,97.22,164,164,65.6,65.6,65.6,65.6,50,50,100,100,100,100,117,117,58.5,58.5,58.5,58.5,20,20,,,,,840.68,840.68,84.07,84.07,84.07,84.07,,
S23.80,10,20,0,10,10,9.13,0,5.59,19.54,9.26,6.3,10,2.82,0,9.44,5.8,7.5,0,0,0,0,0,0,0,0,5,5,5,5,5,5,0,5,5,5,5,0,5,0,0,0,0,91,101,25,25,0,10,0,135.37,135.37,54.15,54.15,54.15,54.15,55,55,91.67,91.67,91.67,91.67,0,0,0,0,0,0,192,192,76.8,76.8,76.8,76.8,50,50,100,100,100,100,0,0,0,0,0,0,10,10,,,,,442.37,442.37,44.68,44.68,44.68,44.68,,
S23.81,10,20,10,10,9.6,10,10,10,20,10,10,10,10,10,9.72,10,10,10,10,10,10,10,20,10,20,5,5,5,5,5,5,5,5,0,5,5,5,0,5,60,59,60,123,118,25,25,138,10,10,260,260,100,100,100,100,60,60,100,100,100,100,179,179,99.44,99.44,99.44,99.44,241,241,96.4,96.4,96.4,96.4,50,50,100,100,100,100,138,138,69,69,69,69,20,20,,,,,948,948,94.8,94.8,94.8,94.8,,
S23.82,10,20,9.67,9.54,10,9.14,9.28,9.2,20,9.62,10,10,9.33,10,9.72,10,9.17,10,9.42,10,9.38,9,20,10,20,5,5,5,5,5,5,5,5,5,5,5,5,5,5,60,59,59,118,111,25,25,164,10,10,255.16,255.16,98.14,98.14,98.14,98.14,60,60,100,100,100,100,178,178,98.89,98.89,98.89,98.89,229,229,91.6,91.6,91.6,91.6,50,50,100,100,100,100,164,164,82,82,82,82,20,20,,,,,956.16,956.16,95.62,95.62,95.62,95.62,,
S23.83,10,20,9.01,10,9,9.57,10,9.58,20,9.24,10,10,9.77,10,10,9.47,8.34,10,9.41,9.71,8.74,10,20,10,19.26,5,5,5,5,5,5,5,5,5,5,5,5,5,5,57,58,55,97,105,25,25,143,10,10,255.02,255.02,98.08,98.08,98.08,98.08,60,60,100,100,100,100,170,170,94.44,94.44,94.44,94.44,202,202,80.8,80.8,80.8,80.8,50,50,100,100,100,100,143,143,71.5,71.5,71.5,71.5,20,20,,,,,900.02,900.02,90,90,90,90,,
S23.84,10,20,10,10,10,10,10,9.8,20,9.81,10,10,9.78,10,10,9.47,10,10,10,10,9.37,10,13,10,20,5,5,5,5,5,5,5,5,5,5,5,5,5,5,60,60,53,128,119,25,25,184,10,10,252.61,252.61,97.16,97.16,97.16,97.16,60,60,100,100,100,100,173,173,96.11,96.11,96.11,96.11,247,247,98.8,98.8,98.8,98.8,50,50,100,100,100,100,184,184,92,92,92,92,20,20,,,,,986.61,986.61,98.66,98.66,98.66,98.66,,
S23.85,10,20,9.34,8.17,9.7,0,9.28,9.4,20,8.68,0,0,3.64,0,0,0,0,0,8.82,0,10,0,0,3.11,11.86,5,5,5,0,5,0,5,5,0,0,5,0,5,0,60,56,60,113,121,25,25,132,10,10,142.01,142.01,54.62,54.62,54.62,54.62,40,40,66.67,66.67,66.67,66.67,176,176,97.78,97.78,97.78,97.78,234,234,93.6,93.6,93.6,93.6,50,50,100,100,100,100,132,132,66,66,66,66,20,20,,,,,794.01,794.01,79.4,79.4,79.4,79.4,,
S23.86,10,20,0,9.54,10,6.11,9.64,8.14,20,8.5,8.15,9.4,6,8.4,10,10,10,9.68,10,9.71,10,8.65,20,10,20,5,0,0,5,5,5,0,5,0,0,5,5,5,5,54,60,60,106,62,25,25,149,10,10,249.81,249.81,96.08,96.08,96.08,96.08,45,45,75,75,75,75,174,174,96.67,96.67,96.67,96.67,168,168,67.2,67.2,67.2,67.2,50,50,100,100,100,100,149,149,74.5,74.5,74.5,74.5,20,20,,,,,855.81,855.81,85.58,85.58,85.58,85.58,,
S23.87,10,20,4.65,9.54,0,9.57,9.64,8.57,20,9.63,8.52,9,3.16,2.38,6.68,4.76,8.32,0,7.67,9.71,7.5,7.98,18,6.22,14.82,5,5,5,0,5,5,0,0,0,5,5,0,0,0,60,60,49,106,105,25,25,106,10,10,213.94,213.94,82.28,82.28,82.28,82.28,35,35,58.33,58.33,58.33,58.33,169,169,93.89,93.89,93.89,93.89,211,211,84.4,84.4,84.4,84.4,50,50,100,100,100,100,106,106,53,53,53,53,20,20,,,,,804.94,804.94,80.49,80.49,80.49,80.49,,
S23.88,10,20,8.66,10,9.6,9.57,10,9.18,20,9.62,9.63,9.8,9.55,10,9.72,10,9.16,9.69,10,10,9.37,9.66,0,10,20,5,5,5,5,5,5,5,5,5,5,5,5,5,5,58,57,60,128,119,25,25,178,10,10,236.21,236.21,90.85,90.85,90.85,90.85,60,60,100,100,100,100,175,175,97.22,97.22,97.22,97.22,247,247,98.8,98.8,98.8,98.8,50,50,100,100,100,100,178,178,89,89,89,89,20,20,,,,,966.21,966.21,96.62,96.62,96.62,96.62,,
S23.89,10,20,9.66,10,9.3,9.14,10,10,20,10,0,9.8,7.7,0,10,0,4.16,0,0,2.17,0,2.49,7.4,3.52,15.56,5,5,5,5,5,0,5,5,0,0,5,0,0,0,57,16,59,122,95,25,25,95,10,0,180.9,180.9,69.58,69.58,69.58,69.58,40,40,66.67,66.67,66.67,66.67,132,132,73.33,73.33,73.33,73.33,217,217,86.8,86.8,86.8,86.8,50,50,100,100,100,100,95,95,47.5,47.5,47.5,47.5,10,10,,,,,724.9,724.9,72.49,72.49,72.49,72.49,,
S23.90,10,18,10,10,9.3,10,10,8.99,20,9.62,10,10,9.78,10,10,10,10,9.36,10,10,10,10,19.6,10,20,5,5,5,5,5,5,5,5,5,5,5,5,5,5,60,60,60,110,115,25,25,164,10,10,257,257,98.85,98.85,98.85,98.85,60,60,100,100,100,100,180,180,100,100,100,100,225,225,90,90,90,90,50,50,100,100,100,100,164,164,82,82,82,82,20,20,,,,,956,956,95.6,95.6,95.6,95.6,,
S23.91,10,20,9.33,9.54,9,9.14,10,8.53,19.04,4.53,10,0.6,1.33,0,4.87,3.7,0,10,9.41,5,10,9.34,0,4.73,20,5,5,5,5,5,5,5,0,0,0,5,5,5,5,52,51,55,84,74,25,0,131,10,10,197.48,197.48,75.95,75.95,75.95,75.95,55,55,91.67,91.67,91.67,91.67,158,158,87.78,87.78,87.78,87.78,158,158,63.2,63.2,63.2,63.2,25,25,50,50,50,50,131,131,65.5,65.5,65.5,65.5,20,20,,,,,744.48,744.48,74.45,74.45,74.45,74.45,,
S23.92,10,20,8.01,9.09,9.7,8.27,7.52,8.95,0,10,7.78,8.6,0,6.59,2.24,0,0,0,0,0,6.87,0,0,0,0,5,5,5,0,5,5,5,0,0,0,5,0,0,0,54,42,36,65,39,25,0,0,10,0,123.62,123.62,49.45,49.45,49.45,49.45,35,35,58.33,58.33,58.33,58.33,132,132,73.33,73.33,73.33,73.33,104,104,41.6,41.6,41.6,41.6,25,25,50,50,50,50,0,0,0,0,0,0,10,10,,,,,429.62,429.62,43.4,43.4,43.4,43.4,,
S23.93,10,20,10,10,9.6,9.57,10,9.39,20,9.81,10,10,10,9.73,10,9.48,10,10,9.41,9.42,10,10,19.6,9.73,20,5,5,5,5,5,5,5,5,5,5,5,5,5,5,60,60,60,105,122,25,25,105.5,10,10,257.52,257.52,99.05,99.05,99.05,99.05,60,60,100,100,100,100,180,180,100,100,100,100,227,227,90.8,90.8,90.8,90.8,50,50,100,100,100,100,105.5,105.5,52.75,52.75,52.75,52.75,20,20,,,,,900.02,900.02,90,90,90,90,,
S23.94,10,18,10,10,9.6,10,9.28,9.16,20,9.05,10,10,10,9.73,6.67,0,7.48,7.49,2.92,0,0,0,19.6,9.45,20,5,5,0,0,5,5,0,5,0,0,5,5,5,0,60,59,0,115,94,25,25,123,10,10,228.43,228.43,87.86,87.86,87.86,87.86,40,40,66.67,66.67,66.67,66.67,119,119,66.11,66.11,66.11,66.11,209,209,83.6,83.6,83.6,83.6,50,50,100,100,100,100,123,123,61.5,61.5,61.5,61.5,20,20,,,,,789.43,789.43,78.94,78.94,78.94,78.94,,
S23.95,10,0,0,9.55,0,8.71,1.44,10,20,9.24,6.67,5,0,0,0,0,5,4.04,8.83,10,5,10,19.2,6.76,20,5,5,5,5,5,5,5,5,5,5,5,5,5,5,60,59,60,119,111,25,25,152,10,10,169.44,169.44,65.17,65.17,65.17,65.17,60,60,100,100,100,100,179,179,99.44,99.44,99.44,99.44,230,230,92,92,92,92,50,50,100,100,100,100,152,152,76,76,76,76,20,20,,,,,860.44,860.44,86.04,86.04,86.04,86.04,,
S23.96,10,20,0,9.08,9.4,9.56,9.28,9.18,20,9.07,8.15,4.7,8.65,6.05,10,9.47,10,10,10,10,10,10,19.2,9.45,19.26,5,5,5,5,5,5,5,5,5,0,5,5,5,5,55,57,51,79,70,25,25,114,10,10,249.75,249.75,96.06,96.06,96.06,96.06,60,60,100,100,100,100,163,163,90.56,90.56,90.56,90.56,149,149,59.6,59.6,59.6,59.6,50,50,100,100,100,100,114,114,57,57,57,57,20,20,,,,,805.75,805.75,80.58,80.58,80.58,80.58,,
S23.97,10,20,9.67,9.54,10,9.57,10,10,20,9.43,10,10,9.31,10,10,10,10,10,10,10,10,8.99,19.2,9.73,20,5,5,5,5,5,5,5,5,5,5,5,5,5,5,57,58,60,122,106,25,25,132,10,10,257.71,257.71,99.12,99.12,99.12,99.12,60,60,100,100,100,100,175,175,97.22,97.22,97.22,97.22,228,228,91.2,91.2,91.2,91.2,50,50,100,100,100,100,132,132,66,66,66,66,20,20,,,,,922.71,922.71,92.27,92.27,92.27,92.27,,
S23.98,10,20,10,10,10,10,10,10,20,9.81,10,10,10,10,10,10,10,10,9.41,10,10,10,20,10,20,5,5,5,5,5,5,5,5,5,5,5,5,5,5,57,60,60,120,117,25,25,160,10,10,260,260,100,100,100,100,60,60,100,100,100,100,177,177,98.33,98.33,98.33,98.33,237,237,94.8,94.8,94.8,94.8,50,50,100,100,100,100,160,160,80,80,80,80,20,20,,,,,964,964,96.4,96.4,96.4,96.4,,
S23.99,10,20,7.99,7.28,8.8,9.14,9.28,2.48,18.08,8.3,8.89,4.3,1.76,0,1.12,0,0,0,5.29,4.72,9.37,4.33,14.8,4.19,8.9,5,5,5,5,5,5,5,5,5,5,0,0,0,0,52,57,57,79,0,25,0,62,10,10,169.01,169.01,65,65,65,65,50,50,83.33,83.33,83.33,83.33,166,166,92.22,92.22,92.22,92.22,79,79,31.6,31.6,31.6,31.6,25,25,50,50,50,50,62,62,31,31,31,31,20,20,,,,,571.01,571.01,57.1,57.1,57.1,57.1,,
S23.100,10,20,10,8.62,9.4,9.57,10,10,20,9.81,8.15,10,9.08,0,9.72,6.86,9.17,10,8.82,9.42,7.5,7.65,20,10,20,5,5,0,5,5,5,5,5,0,0,5,0,0,0,55,60,37,121,123,25,25,169,10,10,249.41,249.41,95.93,95.93,95.93,95.93,40,40,66.67,66.67,66.67,66.67,152,152,84.44,84.44,84.44,84.44,244,244,97.6,97.6,97.6,97.6,50,50,100,100,100,100,169,169,84.5,84.5,84.5,84.5,20,20,,,,,924.41,924.41,92.44,92.44,92.44,92.44,,
S23.101,10,20,9,9.54,0,4.76,8.59,8.97,10.08,9.06,6.3,9.8,7.48,8.12,8.92,5.82,9.17,8.43,8.82,10,6.86,5.96,18.4,10,15.56,5,0,5,5,5,5,0,5,0,5,5,5,0,5,58,59,52,113,108,25,25,163,10,10,219.06,219.06,84.25,84.25,84.25,84.25,50,50,83.33,83.33,83.33,83.33,169,169,93.89,93.89,93.89,93.89,221,221,88.4,88.4,88.4,88.4,50,50,100,100,100,100,163,163,81.5,81.5,81.5,81.5,20,20,,,,,892.06,892.06,89.21,89.21,89.21,89.21,,
S23.102,10,20,10,9.54,10,9.56,10,10,20,9.62,10,10,10,10,10,10,8.34,10,9.41,10,10,9.66,20,9.73,20,5,5,5,5,5,5,5,5,4,0,5,5,5,5,55,59,59,106,112,25,25,149,10,10,258.57,258.57,99.45,99.45,99.45,99.45,60,60,100,100,100,100,173,173,96.11,96.11,96.11,96.11,218,218,87.2,87.2,87.2,87.2,50,50,100,100,100,100,149,149,74.5,74.5,74.5,74.5,20,20,,,,,928.57,928.57,92.86,92.86,92.86,92.86,,
S23.103,10,20,9.34,10,10,9.57,9.64,9.79,20,9.44,10,10,8.85,8.93,10,9.47,10,2.19,0,4.86,10,10,20,10,20,5,5,5,5,5,5,5,0,5,5,5,0,5,5,54,56,49,121,121,25,25,165,10,10,255.03,255.03,98.09,98.09,98.09,98.09,60,60,100,100,100,100,159,159,88.33,88.33,88.33,88.33,242,242,96.8,96.8,96.8,96.8,50,50,100,100,100,100,165,165,82.5,82.5,82.5,82.5,20,20,,,,,951.03,951.03,95.1,95.1,95.1,95.1,,
S23.104,10,16,8,6.36,8.2,6.09,9.28,7.06,20,8.86,7.78,9,3.18,7.38,10,10,3.33,9.36,8.82,9.72,7.5,5.98,17.6,2.44,17.78,5,5,5,5,5,5,5,5,5,5,5,5,5,5,48,50,58,81,60,25,25,75,10,10,220.77,220.77,84.91,84.91,84.91,84.91,60,60,100,100,100,100,156,156,86.67,86.67,86.67,86.67,141,141,56.4,56.4,56.4,56.4,50,50,100,100,100,100,75,75,37.5,37.5,37.5,37.5,20,20,,,,,722.77,722.77,72.28,72.28,72.28,72.28,,
S23.105,10,20,9.34,10,9.7,9.57,9.64,10,20,9.81,10,10,10,10,10,10,10,10,9.41,10,10,10,20,10,20,5,5,5,5,5,5,5,5,5,5,5,5,5,5,52,59,60,117,122,25,25,180,10,10,259.15,259.15,99.67,99.67,99.67,99.67,60,60,100,100,100,100,171,171,95,95,95,95,239,239,95.6,95.6,95.6,95.6,50,50,100,100,100,100,180,180,90,90,90,90,20,20,,,,,979.15,979.15,97.92,97.92,97.92,97.92,,
S23.106,10,20,9.67,10,10,9.13,10,10,20,10,10,10,10,9.74,9.72,9.47,10,9.69,8.82,10,0,7.99,10,9.73,20,5,5,5,5,5,0,5,5,0,0,5,5,5,5,60,60,60,116,79,25,25,117,10,10,247.15,247.15,95.06,95.06,95.06,95.06,55,55,91.67,91.67,91.67,91.67,180,180,100,100,100,100,195,195,78,78,78,78,50,50,100,100,100,100,117,117,58.5,58.5,58.5,58.5,20,20,,,,,864.15,864.15,86.42,86.42,86.42,86.42,,
S23.107,10,20,10,9.54,9.3,10,9.28,9.6,20,9.62,0,10,0,10,9.46,0,9.17,9.68,8.83,10,8.76,6.67,0,9.19,20,5,5,0,5,5,5,0,5,5,5,5,5,5,5,60,59,50,116,117,25,25,148.9,10,0,229.1,229.1,88.12,88.12,88.12,88.12,60,60,100,100,100,100,169,169,93.89,93.89,93.89,93.89,233,233,93.2,93.2,93.2,93.2,50,50,100,100,100,100,148.9,148.9,74.45,74.45,74.45,74.45,10,10,,,,,900,900,90,90,90,90,,
S23.108,10,20,10,9.08,10,9.57,8.56,10,20,9.44,0,0,8.62,0,0,0,2.08,0,0,4.86,0,3.82,20,9.46,20,5,5,5,5,5,5,4,5,0,4,5,0,5,5,58,53,60,120,82,25,0,118,10,10,185.49,185.49,71.34,71.34,71.34,71.34,58,58,96.67,96.67,96.67,96.67,171,171,95,95,95,95,202,202,80.8,80.8,80.8,80.8,25,25,50,50,50,50,118,118,59,59,59,59,20,20,,,,,779.49,779.49,77.95,77.95,77.95,77.95,,
S23.109,10,20,9.67,10,9.7,8.69,9.64,9.59,20,9.25,10,9.8,9.08,9.73,10,10,10,7.46,10,10,10,9.66,19.2,9.73,20,5,5,5,5,5,5,5,5,5,5,5,5,5,5,57,50,56,120,121,25,25,154,10,10,255.97,255.97,98.45,98.45,98.45,98.45,60,60,100,100,100,100,163,163,90.56,90.56,90.56,90.56,241,241,96.4,96.4,96.4,96.4,50,50,100,100,100,100,154,154,77,77,77,77,20,20,,,,,943.97,943.97,94.4,94.4,94.4,94.4,,
S23.110,10,16,9.34,1.84,7.3,9.13,9.64,0,14.72,8.29,8.15,9.6,7.07,9.2,9.72,0,9.16,9.38,8.82,9.42,9.38,8.66,18,8.37,19.26,5,0,5,5,5,0,5,5,0,5,5,5,5,5,56,54,60,61,79,25,12.5,101,10,10,228.61,228.61,87.93,87.93,87.93,87.93,55,55,91.67,91.67,91.67,91.67,170,170,94.44,94.44,94.44,94.44,140,140,56,56,56,56,37.5,37.5,75,75,75,75,101,101,50.5,50.5,50.5,50.5,20,20,,,,,752.11,752.11,75.21,75.21,75.21,75.21,,
S23.111,10,20,9.67,9.54,10,9.14,10,10,19.04,9.82,10,10,9.1,10,10,10,9.17,9.69,9.41,9.72,10,9.66,18.8,10,19.26,5,5,5,5,5,5,5,5,0,0,5,5,5,5,53,59,56,107,64,25,25,65,10,10,254.61,254.61,97.93,97.93,97.93,97.93,60,60,100,100,100,100,168,168,93.33,93.33,93.33,93.33,171,171,68.4,68.4,68.4,68.4,50,50,100,100,100,100,65,65,32.5,32.5,32.5,32.5,20,20,,,,,788.61,788.61,78.86,78.86,78.86,78.86,,
S23.112,10,20,10,10,0,10,10,10,20,9.81,10,10,0,0,0,0,0.83,0,0,0,2.48,0,0,0,1.48,5,5,5,5,5,5,5,5,0,0,5,5,5,5,60,49,60,124,118,25,25,189,10,0,133.12,133.12,53.25,53.25,53.25,53.25,60,60,100,100,100,100,169,169,93.89,93.89,93.89,93.89,242,242,96.8,96.8,96.8,96.8,50,50,100,100,100,100,189,189,94.5,94.5,94.5,94.5,10,10,,,,,853.12,853.12,86.17,86.17,86.17,86.17,,
S23.113,10,20,9.66,10,10,9.12,10,10,20,9.44,10,10,9.77,10,10,10,10,3.88,9.41,10,10,10,20,10,20,5,5,5,5,5,5,0,5,0,2,5,5,0,5,60,59,60,125,125,25,25,186,10,10,258.87,258.87,99.57,99.57,99.57,99.57,52,52,86.67,86.67,86.67,86.67,179,179,99.44,99.44,99.44,99.44,250,250,100,100,100,100,50,50,100,100,100,100,186,186,93,93,93,93,20,20,,,,,995.87,995.87,99.59,99.59,99.59,99.59,,
S23.114,10,20,9.34,10,9.3,9.56,9.64,8.57,20,10,10,10,10,9.22,10,10,10,10,10,9.71,10,9.01,20,10,20,5,5,5,5,5,5,5,0,0,5,5,5,5,5,60,59,55,113,103,25,25,150,10,10,257.55,257.55,99.06,99.06,99.06,99.06,60,60,100,100,100,100,174,174,96.67,96.67,96.67,96.67,216,216,86.4,86.4,86.4,86.4,50,50,100,100,100,100,150,150,75,75,75,75,20,20,,,,,927.55,927.55,92.76,92.76,92.76,92.76,,
S23.115,10,20,9.32,9.08,9.6,9.56,9.28,10,20,10,10,0,8.16,10,0,8.94,0,10,0,5,4.38,7.32,20,9.06,17.78,5,5,5,5,5,0,4,5,0,0,5,0,0,5,54,60,60,98,94,25,25,93,10,10,227.48,227.48,87.49,87.49,87.49,87.49,44,44,73.33,73.33,73.33,73.33,174,174,96.67,96.67,96.67,96.67,192,192,76.8,76.8,76.8,76.8,50,50,100,100,100,100,93,93,46.5,46.5,46.5,46.5,20,20,,,,,800.48,800.48,80.05,80.05,80.05,80.05,,
S23.116,10,16,8.68,9.54,9.1,10,9.64,9.17,20,8.88,7.78,9.2,7.28,9.47,8.9,9.47,10,10,9.41,9.71,10,8.64,19.2,7.3,18.52,5,5,5,5,5,5,5,5,5,5,5,5,5,5,58,60,60,79,71,25,25,66,10,10,243.53,243.53,93.67,93.67,93.67,93.67,60,60,100,100,100,100,178,178,98.89,98.89,98.89,98.89,150,150,60,60,60,60,50,50,100,100,100,100,66,66,33,33,33,33,20,20,,,,,767.53,767.53,76.75,76.75,76.75,76.75,,
S23.117,10,20,9.67,9.54,9.6,9.14,10,10,20,9.43,10,10,10,10,9.72,10,10,10,10,10,10,10,20,10,20,5,5,5,5,5,5,5,5,5,5,5,5,5,5,60,60,54,120,109,25,25,149,10,10,258.99,258.99,99.61,99.61,99.61,99.61,60,60,100,100,100,100,174,174,96.67,96.67,96.67,96.67,229,229,91.6,91.6,91.6,91.6,50,50,100,100,100,100,149,149,74.5,74.5,74.5,74.5,20,20,,,,,940.99,940.99,94.1,94.1,94.1,94.1,,
S23.118,10,20,10,0,9.7,8.71,10,10,20,9.62,8.15,10,10,9.46,8.09,10,10,10,8.82,10,10,9.01,18.8,3.52,19.26,5,5,5,5,5,5,5,0,5,5,5,5,0,0,57,58,55,114,109,25,25,110,10,10,251.53,251.53,96.74,96.74,96.74,96.74,55,55,91.67,91.67,91.67,91.67,170,170,94.44,94.44,94.44,94.44,223,223,89.2,89.2,89.2,89.2,50,50,100,100,100,100,110,110,55,55,55,55,20,20,,,,,879.53,879.53,87.95,87.95,87.95,87.95,,
S23.119,10,20,9,10,9.6,9.14,10,10,20,9.62,10,10,10,9.73,10,10,10,9.38,10,10,7.48,9.67,0,10,19.26,5,5,5,5,5,5,5,5,5,5,5,5,5,5,60,60,60,118,120,25,25,153,10,10,237.26,237.26,91.25,91.25,91.25,91.25,60,60,100,100,100,100,180,180,100,100,100,100,238,238,95.2,95.2,95.2,95.2,50,50,100,100,100,100,153,153,76.5,76.5,76.5,76.5,20,20,,,,,938.26,938.26,93.83,93.83,93.83,93.83,,
S23.120,10,20,10,10,10,9.14,10,9.79,20,5,10,10,10,10,5,10,10,10,10,10,10,10,10,0,15.56,5,5,5,5,5,0,5,3,5,0,5,5,5,5,60,60,60,123,117,25,25,147,10,0,244.49,244.49,94.03,94.03,94.03,94.03,58,58,96.67,96.67,96.67,96.67,180,180,100,100,100,100,240,240,96,96,96,96,50,50,100,100,100,100,147,147,73.5,73.5,73.5,73.5,10,10,,,,,929.49,929.49,92.95,92.95,92.95,92.95,,
S23.121,10,20,10,10,9.6,8.69,9.28,6.22,19.54,9.62,8.15,9.8,4.94,7.37,9.44,10,5.83,0.16,7.64,4.43,9.37,5.32,17.6,0,0,5,5,5,0,5,0,5,0,0,5,5,0,0,0,60,54,47,113,98,25,25,141,10,10,212.84,212.84,85.13,85.13,85.13,85.13,35,35,58.33,58.33,58.33,58.33,161,161,89.44,89.44,89.44,89.44,211,211,84.4,84.4,84.4,84.4,50,50,100,100,100,100,141,141,70.5,70.5,70.5,70.5,20,20,,,,,830.84,830.84,83.92,83.92,83.92,83.92,,
S23.122,10,20,10,10,10,10,10,10,20,10,10,10,9.77,10,10,10,10,10,10,10,10,10,20,10,20,5,5,5,5,5,5,5,5,5,5,5,5,5,5,60,60,60,127,125,25,25,187,10,10,260,260,100,100,100,100,60,60,100,100,100,100,180,180,100,100,100,100,252,252,100.8,100.8,100.8,100.8,50,50,100,100,100,100,187,187,93.5,93.5,93.5,93.5,20,20,,,,,1009,1009,100.9,100.9,100.9,100.9,,
S23.123,10,18,8.68,9.55,9.4,10,9.64,8.57,20,9.43,9.63,10,9.54,10,8.9,10,9.17,8.72,8.83,9.71,9.37,10,20,10,20,5,5,5,5,5,5,5,5,5,5,5,5,5,5,57,58,60,118,117,25,25,162,10,10,251.17,251.17,96.6,96.6,96.6,96.6,60,60,100,100,100,100,175,175,97.22,97.22,97.22,97.22,235,235,94,94,94,94,50,50,100,100,100,100,162,162,81,81,81,81,20,20,,,,,953.17,953.17,95.32,95.32,95.32,95.32,,
S23.124,10,20,10,9.09,10,8.7,10,9.8,20,10,9.63,10,9.34,9.73,10,10,10,10,10,10,10,8.65,20,10,20,5,5,5,5,5,5,5,5,5,5,5,5,5,5,60,59,60,118,120,25,25,142,10,10,258.5,258.5,99.42,99.42,99.42,99.42,60,60,100,100,100,100,179,179,99.44,99.44,99.44,99.44,238,238,95.2,95.2,95.2,95.2,50,50,100,100,100,100,142,142,71,71,71,71,20,20,,,,,947.5,947.5,94.75,94.75,94.75,94.75,,
S23.125,10,16,8.67,8.63,9.1,7.82,7.5,7.71,16.16,9.26,7.78,2.4,8.65,1.04,8.35,8.95,4.16,9.38,8.23,10,8.13,8.98,17.2,5.01,17.04,5,5,5,5,5,5,5,5,5,5,5,5,5,5,59,58,55,91,89,25,25,114,10,10,218.55,218.55,84.06,84.06,84.06,84.06,60,60,100,100,100,100,172,172,95.56,95.56,95.56,95.56,180,180,72,72,72,72,50,50,100,100,100,100,114,114,57,57,57,57,20,20,,,,,814.55,814.55,81.45,81.45,81.45,81.45,,
S23.126,10,20,10,9.54,10,10,10,10,20,9.43,10,0,10,10,10,10,0,9.69,10,10,10,10,9.8,0,0,5,5,5,5,5,5,5,5,5,5,5,5,5,5,60,60,60,125,122,25,25,186,10,10,228.46,228.46,91.38,91.38,91.38,91.38,60,60,100,100,100,100,180,180,100,100,100,100,247,247,98.8,98.8,98.8,98.8,50,50,100,100,100,100,186,186,93,93,93,93,20,20,,,,,971.46,971.46,98.13,98.13,98.13,98.13,,
S23.127,10,20,9.01,10,9.3,9.57,10,5.87,20,0,10,0,0,10,0,0,10,0.31,0,0,8.74,10,20,2.71,20,5,5,5,5,5,5,5,5,5,5,5,5,5,5,60,42,59,117,109,25,25,170,10,10,195.51,195.51,75.2,75.2,75.2,75.2,60,60,100,100,100,100,161,161,89.44,89.44,89.44,89.44,226,226,90.4,90.4,90.4,90.4,50,50,100,100,100,100,170,170,85,85,85,85,20,20,,,,,882.51,882.51,88.25,88.25,88.25,88.25,,
S23.128,10,20,9.32,10,10,9.13,9.28,9.37,20,9.63,9.63,10,9.08,9.48,5,10,10,10,9.41,10,0,0,0,0,0,5,5,5,5,5,5,5,5,5,5,5,5,5,5,60,55,58,125,125,25,25,165,10,10,209.33,209.33,83.73,83.73,83.73,83.73,60,60,100,100,100,100,173,173,96.11,96.11,96.11,96.11,250,250,100,100,100,100,50,50,100,100,100,100,165,165,82.5,82.5,82.5,82.5,20,20,,,,,927.33,927.33,93.67,93.67,93.67,93.67,,
S23.129,10,20,9.67,9.54,10,9.57,10,0,20,9.44,10,10,9.09,5,10,0,9.17,0,0,0,2.48,3.65,18,0,10,0,5,5,5,5,5,5,5,5,5,5,5,5,5,58,57,52,124,118,25,25,165.4,10,10,195.61,195.61,75.23,75.23,75.23,75.23,60,60,100,100,100,100,167,167,92.78,92.78,92.78,92.78,242,242,96.8,96.8,96.8,96.8,50,50,100,100,100,100,165.4,165.4,82.7,82.7,82.7,82.7,20,20,,,,,900.01,900.01,90,90,90,90,,
S23.130,10,20,9.67,10,9.6,9.57,10,10,20,9.82,10,10,9.77,10,9.72,10,9.17,10,10,10,6.24,10,20,10,20,5,5,5,0,5,5,5,0,5,5,5,5,0,5,60,59,58,121,120,25,25,176,10,10,258.58,258.58,99.45,99.45,99.45,99.45,55,55,91.67,91.67,91.67,91.67,177,177,98.33,98.33,98.33,98.33,241,241,96.4,96.4,96.4,96.4,50,50,100,100,100,100,176,176,88,88,88,88,20,20,,,,,977.58,977.58,97.76,97.76,97.76,97.76,,
S23.131,10,20,9.67,9.54,10,8.25,10,8.99,19.52,9.43,8.52,9.6,7.48,8.42,10,9.47,10,7.79,7.64,10,10,0,14,0,14.08,5,5,5,5,5,5,5,5,5,5,5,5,5,5,60,57,53,111,117,25,25,120,10,10,228.32,228.32,91.33,91.33,91.33,91.33,60,60,100,100,100,100,170,170,94.44,94.44,94.44,94.44,228,228,91.2,91.2,91.2,91.2,50,50,100,100,100,100,120,120,60,60,60,60,20,20,,,,,876.32,876.32,88.52,88.52,88.52,88.52,,
S23.132,10,0,0,10,9.6,10,10,8.99,20,8.47,8.52,0,10,4.99,7.55,0,0,0,8.24,6.7,4.99,0,0,7.03,19.26,5,5,5,5,5,4,5,0,5,5,5,5,5,5,60,57,60,124,123,25,25,118,10,10,164.34,164.34,63.21,63.21,63.21,63.21,60,60,100,100,100,100,177,177,98.33,98.33,98.33,98.33,247,247,98.8,98.8,98.8,98.8,50,50,100,100,100,100,118,118,59,59,59,59,20,20,,,,,836.34,836.34,83.63,83.63,83.63,83.63,,
S23.133,10,20,10,9.54,10,9.13,10,9.58,20,9.81,10,10,9.11,10,9.72,9.47,8.34,9.69,10,9.71,10,10,20,10,20,5,5,5,5,5,5,0,5,5,5,5,5,5,5,60,59,60,116,124,25,25,190,10,10,257.52,257.52,99.05,99.05,99.05,99.05,60,60,100,100,100,100,179,179,99.44,99.44,99.44,99.44,240,240,96,96,96,96,50,50,100,100,100,100,190,190,95,95,95,95,20,20,,,,,996.52,996.52,99.65,99.65,99.65,99.65,,
S23.134,10,20,9.66,9.54,9.4,10,8.57,8.77,20,9.62,8.52,9.4,7.71,6.57,9.18,9.48,7.51,10,9.41,10,8.74,3,14.4,3.52,20,5,5,5,0,5,5,3,0,5,4,5,5,5,5,48,58,56,83,79,25,12.5,65,10,10,239.91,239.91,92.27,92.27,92.27,92.27,57,57,95,95,95,95,162,162,90,90,90,90,162,162,64.8,64.8,64.8,64.8,37.5,37.5,75,75,75,75,65,65,32.5,32.5,32.5,32.5,20,20,,,,,743.41,743.41,74.34,74.34,74.34,74.34,,
S23.135,10,20,10,10,10,9.57,10,9.59,20,9.81,9.26,9.6,9.08,9.73,0,9.48,9.17,10,7.64,9.71,10,8.3,20,9.45,20,5,5,5,5,5,5,5,5,0,5,5,5,5,5,60,59,59,127,116,25,25,140,10,10,254.45,254.45,97.87,97.87,97.87,97.87,60,60,100,100,100,100,178,178,98.89,98.89,98.89,98.89,243,243,97.2,97.2,97.2,97.2,50,50,100,100,100,100,140,140,70,70,70,70,20,20,,,,,945.45,945.45,94.55,94.55,94.55,94.55,,
S23.136,10,20,10,10,10,9.57,9.64,10,20,10,10,10,10,10,10,10,10,10,7.65,10,8.11,9.67,20,9.73,19.26,5,5,5,5,5,5,5,5,5,5,5,5,5,5,58,60,60,114,104,25,25,139,10,10,248.61,248.61,99.44,99.44,99.44,99.44,60,60,100,100,100,100,178,178,98.89,98.89,98.89,98.89,218,218,87.2,87.2,87.2,87.2,50,50,100,100,100,100,139,139,69.5,69.5,69.5,69.5,20,20,,,,,913.61,913.61,92.28,92.28,92.28,92.28,,
S23.137,10,18,9.67,0,0,9.12,0,0,0,9.63,0,10,8.62,0,0,0,0,0,7.65,0,3.11,0,0,0,0,5,5,5,5,5,5,5,5,5,5,5,0,5,5,57,48,53,102,95,25,25,102,10,0,85.8,85.8,34.32,34.32,34.32,34.32,60,60,100,100,100,100,158,158,87.78,87.78,87.78,87.78,197,197,78.8,78.8,78.8,78.8,50,50,100,100,100,100,102,102,51,51,51,51,10,10,,,,,662.8,662.8,66.95,66.95,66.95,66.95,,
S23.138,10,20,9.66,10,9.6,9.57,10,9.39,20,7.93,10,10,9.54,9.47,10,10,8.34,5,10,9.71,10,10,20,10,20,5,5,5,5,5,0,5,5,4,5,5,5,5,5,60,60,53,121,101,25,25,176,10,10,256.94,256.94,98.82,98.82,98.82,98.82,60,60,100,100,100,100,173,173,96.11,96.11,96.11,96.11,222,222,88.8,88.8,88.8,88.8,50,50,100,100,100,100,176,176,88,88,88,88,20,20,,,,,957.94,957.94,95.79,95.79,95.79,95.79,,
S23.139,10,20,10,9.54,9.7,10,10,10,20,9.24,10,10,10,4.87,5,9.47,10,9.69,10,9.72,9.37,10,9.8,10,20,5,5,5,5,5,4,5,5,,5,5,5,5,5,60,60,58,117,117,25,25,167,10,10,247.29,247.29,95.11,95.11,95.11,95.11,55,60,100,100,100,100,178,178,98.89,98.89,98.89,98.89,234,234,93.6,93.6,93.6,93.6,50,50,100,100,100,100,167,167,83.5,83.5,83.5,83.5,20,20,,,,,951.29,956.29,95.61,95.61,95.63,95.63,,
S23.140,10,20,9.67,0,10,10,10,10,20,4.81,10,10,10,5,10,5.79,10,9.69,10,10,9.37,10,10,10,20,5,0,5,5,5,5,5,5,5,5,5,5,5,5,54,58,60,128,120,25,25,194,10,10,244.52,244.52,94.05,94.05,94.05,94.05,60,60,100,100,100,100,172,172,95.56,95.56,95.56,95.56,248,248,99.2,99.2,99.2,99.2,50,50,100,100,100,100,194,194,97,97,97,97,20,20,,,,,988.52,988.52,98.85,98.85,98.85,98.85,,
S23.141,10,20,9.01,10,9.4,8.71,9.28,8.97,19.52,8.1,10,9.6,9.55,9.73,10,10,10,8.72,9.41,10,8.74,10,17.2,8.92,20,5,5,5,5,5,5,5,5,5,5,5,5,5,5,58,58,55,114,114,25,25,155,10,10,249.33,249.33,95.9,95.9,95.9,95.9,60,60,100,100,100,100,171,171,95,95,95,95,228,228,91.2,91.2,91.2,91.2,50,50,100,100,100,100,155,155,77.5,77.5,77.5,77.5,20,20,,,,,933.33,933.33,93.33,93.33,93.33,93.33,,
S23.142,10,0,10,9.54,0,9.12,7.86,10,19.04,9.63,8.52,9.8,7.01,9.47,2.52,10,10,8.75,0,9.43,0,7.98,0,0,0,5,5,0,5,5,5,5,5,5,5,5,0,5,5,52,60,60,117,112,25,25,105,10,0,168.67,168.67,67.47,67.47,67.47,67.47,60,60,100,100,100,100,172,172,95.56,95.56,95.56,95.56,229,229,91.6,91.6,91.6,91.6,50,50,100,100,100,100,105,105,52.5,52.5,52.5,52.5,10,10,,,,,794.67,794.67,80.27,80.27,80.27,80.27,,
S23.143,10,20,9.67,9.54,10,10,10,0,20,10,8.89,5,9.77,5,9.73,10,4.58,10,0,10,10,10,20,6.62,20,5,5,5,5,5,5,5,5,0,5,5,5,5,5,60,59,58,128,125,25,25,188,10,10,244.22,244.22,93.93,93.93,93.93,93.93,60,60,100,100,100,100,177,177,98.33,98.33,98.33,98.33,253,253,101.2,101.2,101.2,101.2,50,50,100,100,100,100,188,188,94,94,94,94,20,20,,,,,992.22,992.22,99.22,99.22,99.22,99.22,,
S23.144,10,20,10,10,10,9.57,10,9.79,20,5,10,10,9.77,10,0,10,9.17,10,10,10,10,9.17,20,7.03,20,5,5,5,5,5,5,5,5,5,5,5,5,5,5,60,59,55,112,119,25,25,138,10,10,257.47,257.47,99.03,99.03,99.03,99.03,60,60,100,100,100,100,174,174,96.67,96.67,96.67,96.67,231,231,92.4,92.4,92.4,92.4,50,50,100,100,100,100,138,138,69,69,69,69,20,20,,,,,930.47,930.47,93.05,93.05,93.05,93.05,,
S23.145,10,18,9,9.09,9,8.25,5.37,6.24,17.14,9.44,9.26,10,7.48,7.86,6.38,5.81,2.5,8.12,7.06,9.43,8.11,8.98,18,8.38,14.08,5,5,5,5,5,5,5,5,0,5,5,5,5,5,51,56,55,88,75,25,0,98,10,10,211.03,211.03,84.41,84.41,84.41,84.41,60,60,100,100,100,100,162,162,90,90,90,90,163,163,65.2,65.2,65.2,65.2,25,25,50,50,50,50,98,98,49,49,49,49,20,20,,,,,739.03,739.03,74.65,74.65,74.65,74.65,,
S23.146,10,20,8.99,10,9.6,9.56,8.92,9.37,20,9.43,10,10,8.2,7.38,7.28,10,9.17,8.76,9.41,4.86,10,9.67,15.6,3.25,17.04,5,5,5,5,5,5,5,5,5,5,5,5,5,5,60,59,53,117,73,25,25,91,10,10,241.1,241.1,92.73,92.73,92.73,92.73,60,60,100,100,100,100,172,172,95.56,95.56,95.56,95.56,190,190,76,76,76,76,50,50,100,100,100,100,91,91,45.5,45.5,45.5,45.5,20,20,,,,,824.1,824.1,82.41,82.41,82.41,82.41,,
S23.147,10,14,8.99,9.54,10,9.14,9.65,9.18,20,9.25,7.78,10,8.62,9.74,9.16,9.47,10,10,9.41,10,7.5,6.32,19.6,7.3,19.26,5,5,5,5,5,5,5,5,5,4,5,5,5,5,57,52,53,117,108,25,25,97,10,10,242.79,242.79,93.38,93.38,93.38,93.38,60,60,100,100,100,100,162,162,90,90,90,90,225,225,90,90,90,90,50,50,100,100,100,100,97,97,48.5,48.5,48.5,48.5,20,20,,,,,856.79,856.79,85.68,85.68,85.68,85.68,,
S23.148,10,16,8.67,7.72,9.3,7.85,9.64,5.8,6.6,7.93,6.67,0,0,0,0,1.32,0.83,0.94,0,4.86,1.24,0.33,2.8,0,5.92,5,5,0,5,5,0,0,0,0,0,5,0,0,0,43,25,27,50,23,0,0,57,10,10,114.42,114.42,44.01,44.01,44.01,44.01,25,25,41.67,41.67,41.67,41.67,95,95,52.78,52.78,52.78,52.78,73,73,29.2,29.2,29.2,29.2,0,0,0,0,0,0,57,57,28.5,28.5,28.5,28.5,20,20,,,,,384.42,384.42,38.44,38.44,38.44,38.44,,
S23.149,10,20,8.34,0,8.7,10,9.64,7.27,19.04,9.24,3.71,9.6,0,3.68,8.32,7.88,0,9.69,8.84,9.71,6.87,2.33,0,0.81,16.3,5,5,5,5,5,5,5,5,0,5,5,5,5,5,60,49,53,85,78,25,12.5,102,10,10,189.97,189.97,73.07,73.07,73.07,73.07,60,60,100,100,100,100,162,162,90,90,90,90,163,163,65.2,65.2,65.2,65.2,37.5,37.5,75,75,75,75,102,102,51,51,51,51,20,20,,,,,734.47,734.47,73.45,73.45,73.45,73.45,,
S23.150,10,20,9.33,10,9,9.14,10,9.8,20,10,10,10,7.75,8.95,10,8.94,0.83,10,9.41,10,8.14,10,19.6,10,20,5,5,5,5,5,4,5,0,5,5,5,0,5,5,52,50,60,112,97,25,25,87,10,10,254.17,254.17,97.76,97.76,97.76,97.76,59,59,98.33,98.33,98.33,98.33,162,162,90,90,90,90,209,209,83.6,83.6,83.6,83.6,50,50,100,100,100,100,87,87,43.5,43.5,43.5,43.5,20,20,,,,,841.17,841.17,84.12,84.12,84.12,84.12,,
S23.151,10,20,9.66,10,9.6,10,10,10,20,9.62,10,10,9.78,10,10,10,10,10,9.41,0,0,0,20,10,17.04,5,5,5,5,5,5,5,5,5,5,5,5,5,5,60,57,49,116,119,25,25,174,10,10,255.11,255.11,98.12,98.12,98.12,98.12,60,60,100,100,100,100,166,166,92.22,92.22,92.22,92.22,235,235,94,94,94,94,50,50,100,100,100,100,174,174,87,87,87,87,20,20,,,,,960.11,960.11,96.01,96.01,96.01,96.01,,