Student,HW 1 (percent),HW 2 (percent),HW 3 (percent),HW 4 (percent),HW 5 (percent),HW 6 (percent),HW 7 (percent),HW 8 (percent),HW 9 (percent),HW 10 (percent),HW 11 (percent),HW 12 (percent),HW 13 (percent),HW 14 (percent),HW 15 (percent),HW 16 (percent),HW 17 (percent),HW 18 (percent),HW 19 (percent),HW 20 (percent),HW 21 (percent),HW 22 (percent),HW 23 (percent),HW 24 (percent)
F23.01,0.967,0.908,0.47,1,1,0.918,1,0.905,1,1,1,1,9.47,1,10,1,0.936,0.975,1,0.98,1,0.748,1,0.722
F23.02,0.934,0.115,0.93,0.347,1,1,1,0.943,0,1,1,0,0,0,3.17,0,0,1,0,0,0,0,1,1
F23.03,1,0.954,0.97,0.957,1,1,1,0.944,1,1,1,0.931,9.74,1,9.48,1,0.968,0.975,0.941,1,1,1,1,1
F23.04,0.934,0.909,0.94,1,0,0.958,0.976,0.962,0.186,1,0.937,0.908,7.61,0,0,0,0.469,0,0.941,0.98,0.944,0.937,0.566,1
F23.05,0.734,1,0.59,0.957,0.822,0.853,0.452,0.738,0.963,1,0.844,0.634,8.67,0.293,0,0.834,0.421,0.725,0.941,0.84,1,0.844,0.599,1
F23.06,1,0.954,0.96,0.956,0.928,0.878,0.976,0.886,1,1,1,0,7.63,0.891,9.47,0.916,0.84,0.8,0.882,0,1,0.811,0.865,0.259
F23.07,1,0.954,0.96,0.912,1,1,1,0.981,1,1,0.937,1,10,1,9.47,1,0.968,1,0.941,1,0.971,1,0.933,1
F23.08,1,1,0.97,1,1,0.92,1,0.962,1,1,0.937,0.931,9.73,1,10,0.332,0.766,0.313,1,1,0.971,0.5,1,0.963
F23.09,0.934,0,1,1,0.894,0.468,0.976,0.924,1,0.014,0.468,0,6.58,0.794,6.85,0,0.905,1,0,0.34,0.5,1,0.785,0.963
F23.10,0.934,1,0.97,0.913,0.858,0.838,0.928,0.886,0.426,0.973,1,0.793,7.62,0.834,8.94,0.751,0.906,0.925,0.707,0.7,0.8,0.874,0.499,0.926
F23.11,0.967,0.5,0.5,0.914,0,1,1,0.944,0.963,0.811,0.937,0,2.1,0.972,9.47,0,0.777,0.463,0.823,0,0.972,0.874,0.183,0.463
F23.12,0.967,1,1,1,1,1,1,1,0.5,1,0.874,0.909,9.74,1,5,1,0.808,1,1,1,0.587,0.374,1,1
F23.13,0,1,0.36,0.871,0.5,0,0.904,1,0.815,0.891,0.376,0,3.14,0.196,0.8,0.832,0,0,0,0,0,0,0,0
F23.14,0.967,1,0.93,0.957,1,1,1,0.943,1,1,1,1,10,1,10,1,1,1,1,1,1,1,1,1
F23.15,0.934,0.954,1,1,0.964,0.979,1,0.962,1,1,1,1,10,1,10,1,1,1,1,1,1,1,1,1
F23.16,0.933,0.91,0.45,0.913,0.964,0.897,1,1,1,0.973,0.937,0.978,7.37,0.972,9.47,0.917,1,1,1,0.98,1,1,0.932,1
F23.17,1,1,0.96,0.957,1,1,1,0.981,1,1,0.812,1,10,1,10,1,1,0,0.941,0.98,0.5,0.5,0.951,0
F23.18,0.967,0.954,1,0.957,0.964,0.958,1,0.962,1,1,1,1,10,1,9.47,1,0.968,0.825,0.941,1,0.971,1,0.967,0.963
F23.19,0.934,0.862,0.9,0.956,0.964,0.959,1,0.905,0.926,1,1,0.115,5.21,0.196,10,0.583,0.468,0.925,0.941,0,0.486,1,0.932,1
F23.20,0.966,0.909,0,0.957,1,1,1,0.943,0.963,1,0.874,0.932,4.87,0.182,9.47,0.751,0.872,1,1,1,1,1,0.966,0.963
F23.21,0,0.908,0.15,0.785,0.233,0.265,0.832,0.85,0.778,1,0.312,0,0,0.084,4.23,0.166,0,0,0,0,0,0,0,0
F23.22,0,0,0,0.088,0.538,0,0,0,0,0,0,0,0,0,0,0,0,0,0,0,0,0,0,0
F23.23,0.933,1,0.96,1,1,0.958,1,0.981,1,1,1,1,9.47,1,10,1,0.81,1,1,0.98,1,1,0.898,1
F23.24,1,0.954,1,0.914,0.965,0.959,1,0.811,0.852,1,1,1,10,1,9.47,0.834,0.968,1,1,0.96,1,1,0.898,1
F23.25,0.934,1,0.96,1,0.964,0.979,1,0.924,0.963,1,0.937,0.932,9.73,0.973,8.94,0.833,1,0.975,0.941,1,1,0.937,1,1
F23.26,0.483,0.863,0.455,0.957,0.964,0.084,0.272,0.291,0.482,0.5,0.375,0.066,0.26,0.891,4.74,0.916,0.936,0.038,0,0.8,0.5,0.938,0,0
F23.27,0.967,1,0.9,0.824,1,0.812,1,0.886,0.778,1,1,0,7.36,0.89,8.94,1,0.844,0.925,0.941,0.43,0.942,0.874,0.898,1
F23.28,0,0,0.15,0.956,1,0.815,0.88,0.83,1,1,0.937,0.267,0,0,0,0,0.453,0.525,0.823,0.86,0.504,0.625,0,0
F23.29,0.967,1,0,0.957,0.964,0.96,1,0.981,1,1,1,1,9.73,0.972,10,1,1,1,0.941,0.98,1,1,0.967,1
F23.30,1,0.954,0.5,1,1,0.307,0.464,0.962,0.815,0,0.031,0,0,0,1.58,0,0,0,0,0,0,0,0,1
F23.31,0.484,0.477,0.97,0.957,1,0.92,1,0.981,1,1,1,1,10,1,10,1,0.718,1,1,1,0,0.748,0.5,1
F23.32,0.933,0.819,0.9,0.742,0.539,0.813,0.832,0.867,0.703,1,0.811,0,5.78,0.917,8.95,0.417,0.715,0.825,0.765,0.82,1,0.812,0.534,0.852
F23.33,1,1,0.97,0.957,1,1,1,0.981,1,1,0.937,0,2.36,1,10,1,0.808,0.975,1,1,1,1,1,1
F23.34,0.898,0.954,0.97,0.871,0.928,0.334,0.88,0.905,0.963,1,0.937,0,1.05,0.224,0,0,0,0,0,0,0,0,0,0
F23.35,0.967,1,0.97,1,1,0.96,1,0.868,1,1,0.937,0.956,9.73,1,10,1,0.937,1,1,1,1,0.748,0.966,1
F23.36,0.867,1,0.94,0.914,0.964,0.958,1,0.869,1,1,0.937,0.908,8.15,0.945,8.43,0.5,0,1,0.823,1,1,0.874,0.697,0.815
F23.37,0.967,1,1,0.914,0.892,1,1,0.944,0.704,1,0.874,0.908,9.73,1,9.47,0.917,0,0.5,0.941,0.96,0.972,0.937,0,1
F23.38,1,1,1,1,1,0.811,1,0.962,0.815,1,0.499,0,0,1,6.86,1,0.808,0.825,0.882,0.98,1,1,0.717,0.778
F23.39,0.901,0.818,0,0,0.036,0,0,0.791,0.778,1,1,0.547,6.07,0.196,6.86,0.917,1,0,0,0,0,0.75,0.732,0.778
F23.40,0.967,1,0.97,0.828,1,1,1,1,0.852,1,0.875,0.862,3.4,1,6.33,0.749,1,0.775,1,1,1,1,0.967,1
F23.41,0.934,1,0.5,0.956,0.5,0.937,1,1,1,1,0.937,0.886,9.47,0.487,9.47,0.834,1,0.5,1,0.92,1,0.937,0.099,0.741
F23.42,1,1,1,0.913,1,1,1,0.925,1,1,1,0.977,10,1,10,1,1,1,1,1,1,1,1,1
F23.43,1,1,0.96,0.957,1,1,1,0.964,1,1,1,1,10,1,10,1,1,1,1,1,1,1,1,1
F23.44,1,0.954,0.97,0.957,1,1,1,0.905,0.778,0.946,0.937,0.184,0.52,0,4.74,0.917,0.155,0.225,0.941,0.96,1,0.874,0.517,0.963
F23.45,1,1,1,1,1,1,1,0.981,1,1,1,1,10,1,10,1,1,1,1,0.98,1,1,1,1
F23.46,0.967,0.909,1,1,1,0.5,0.5,0.981,1,1,1,1,9.21,0.598,5,1,0,1,1,1,1,1,0.966,0.963
F23.47,0,0,0,0.654,0,0.876,1,0.792,0.778,0,0,0.908,8.68,1,0,1,0.968,0.975,0.883,0.96,0.971,0.75,0,0.963
F23.48,0.933,0.954,0.93,0.868,1,0.979,0.976,0.943,1,1,1,0.977,9.73,1,10,1,0.937,1,1,0.84,1,0.811,0.933,1
F23.49,0.933,0.954,0,0,0,0.937,0,0.962,0.778,0,0.75,0,0,0,0,0,0,0,0,0,0,0,0,0
F23.50,0.899,0.727,0.9,0.914,0.965,0.813,0.856,0.982,0.852,1,0.874,0.82,8.95,0.972,7.38,0.834,1,0,0.823,0.96,0.971,0.406,0.865,0
F23.51,1,0.727,0.93,0.656,0.717,0.041,0.023,0.944,0.815,1,0.561,0.679,8.68,0.168,3.17,0,0,0.825,0.5,0.98,0.587,1,0.832,0.704
F23.52,1,0.909,0.96,0.956,0.893,0.98,1,0.981,1,0.5,1,1,2.34,0.5,10,1,0.5,0.788,1,1,1,1,1,0.815
F23.53,0.901,0.954,1,0.957,1,0.92,1,1,1,1,1,1,10,0.972,10,1,1,1,1,1,1,1,1,1
F23.54,0.934,0.5,1,1,1,1,0.356,0.829,0.815,1,0.937,0,9.48,0.724,5.81,0.751,0.841,1,0.764,1,0.942,0.748,0.9,0.778
F23.55,0.899,1,0.5,0.957,1,1,1,0.924,1,1,1,1,9.08,0.972,9.47,1,0.031,1,1,1,0.972,1,1,1
F23.56,1,0.908,0.96,0.957,1,1,1,1,1,1,1,0.931,8.93,1,10,1,0.938,1,1,0.9,1,1,1,1
F23.57,0.934,0.954,0.87,0.914,0.892,0.959,1,0.437,0.815,0,1,0,0,0,6.33,0.749,0.874,0,0,0,0,0,0,0
F23.58,0.9,0.954,1,1,1,0.958,1,0.888,0.852,1,1,0.978,9.73,1,9.47,0.917,1,1,1,1,1,1,0.932,0.852
F23.59,0.934,1,0.96,1,1,0.899,1,1,1,1,1,0.977,10,0.972,8.94,1,0.938,1,0.882,1,1,0.874,1,1
F23.60,1,0.818,0.85,0.957,1,0,0.88,1,0,1,0.875,0,0,0,4.47,1,0,0.775,0,0.98,1,0.31,0,0.815
F23.61,0.933,1,0.96,0.957,0.964,1,1,0.886,1,1,0.937,0.885,9.21,1,10,1,0.936,0.975,1,1,0.971,0.685,1,0.741
F23.62,0.967,0,1,0.913,1,0.92,1,0.812,1,1,0.937,0.956,9.73,0.863,5.28,0.834,0.936,1,0,0,0.942,0.937,0,1
F23.63,1,1,1,0.871,1,1,1,0.886,0.704,0,0,0.908,8.94,0,10,1,0.437,0.95,0,0,0,0,0.099,1
F23.64,0.967,0.908,1,0.87,0.964,0.489,1,0.867,1,1,1,0.933,10,0.916,9.47,0.916,1,1,0.825,1,0.971,1,1,1
F23.65,0.8,0,0.24,0.957,0,0,0,0,0,0,0.937,0.82,10,1,9.47,0.249,1,0.975,1,0.96,0.971,0.874,0,0.963
F23.66,0.967,0.955,1,0.87,1,0.959,0,0.772,0.482,1,0.437,0.453,4.99,1,9.47,0.667,0.936,0.775,0.706,0.86,0.942,0.625,0.666,0.778
F23.67,0.866,0.954,0.455,0.914,0.964,0.77,0.5,0.717,1,1,0.874,0.954,4.47,1,4.76,0.917,0.079,0.9,0.765,0.94,1,0.875,0.767,0.963
F23.68,1,1,0.5,1,1,0.979,1,0.943,1,1,0.937,1,9.73,1,10,0.5,0.936,1,1,1,1,0.811,0.483,1
F23.69,0,0.954,0.93,0.956,1,0,0.856,0.944,1,1,0.937,0,1.3,0,1.85,0.834,0.125,0.025,0.941,1,0.971,1,0.933,0.759
F23.70,1,0.954,1,0.957,1,1,1,0.981,1,1,1,1,10,1,10,1,1,1,1,1,1,1,1,1
F23.71,0.932,1,1,0.869,1,0.937,1,0.981,0.852,1,1,0,10,1,10,1,0.874,1,1,0,1,1,0.898,0.815
F23.72,1,0.954,0.96,0.957,1,0.958,1,0.981,1,1,0.937,1,9.74,0.972,9.47,1,0.969,0.975,1,0.98,0.971,0.938,1,1
F23.73,0.9,0.954,0,0.957,1,1,0.977,0.944,1,1,0.937,0.978,10,1,9.47,1,0.936,1,1,0.98,1,1,1,1
F23.74,1,0.954,1,0.913,1,0.895,1,0.905,0.889,1,1,0.931,8.14,0.778,8.96,1,0.968,1,1,1,1,0.874,0.901,1
F23.75,0.833,1,0.485,0.956,0.964,0.918,0.5,0.829,0.852,1,1,0.678,8.14,1,9.47,0.916,0.969,0.975,0.882,0.98,1,0.874,0.967,0.815
F23.76,0.934,1,0.96,1,1,0.98,1,0.887,0.852,1,0.937,0.956,9.73,1,10,1,1,1,0.942,1,1,1,0.967,0.963
F23.77,0.967,0.456,0,0.567,0,0.12,0.832,0.908,0,0.865,0.813,0,8.68,0.613,5.81,0,0.969,0.85,0.823,0,1,0.625,0.498,0.963
F23.78,1,0.477,1,0.957,1,1,0.5,0.868,1,0.5,1,0.977,9.73,1,9.47,1,0.81,0.975,0.587,0.46,1,0.937,0.716,1
F23.79,0.867,0.954,1,0.957,1,0.979,1,0.943,1,1,0.937,0.339,8.95,1,10,0.415,0.872,0.875,0.942,0.88,1,1,1,0.852
F23.80,0.967,0.816,0.91,0.957,1,0.958,0.976,0.943,0.926,1,0.874,0,9.73,0.972,10,0.916,0.715,0.975,0.941,0.98,1,1,0.967,0.963
F23.81,0.966,0.954,1,1,0.965,0.937,1,0.886,1,1,1,0.361,6.83,1,10,1,0.874,1,0.882,0.76,1,1,0.898,0.963
F23.82,1,1,0.96,0.957,1,1,1,1,1,0,1,1,10,1,10,1,1,1,0.941,1,1,1,1,0.926
F23.83,1,1,0.97,0.957,1,0.979,1,0.754,1,1,0.937,1,10,1,10,1,0.968,1,0.882,1,1,1,0.967,1
F23.84,0.484,0.954,1,0.826,1,0.979,1,1,1,1,0.937,1,10,0.972,10,1,0.498,1,0.941,1,0,0.812,0.966,0
F23.85,1,0.954,1,1,1,1,1,0.962,0.963,1,0.937,0,9.46,0.585,0,1,0.827,0.975,0.823,0,1,1,0.5,0.963
F23.86,0.934,0.954,1,1,1,0.689,0.5,0.943,1,1,0.937,0,0,0,5.8,0.499,0.936,0,0,0,0,0,0,0
F23.87,1,1,0.96,0.914,1,0.96,1,0.925,1,1,0.875,1,9.73,0.917,10,1,0.936,0.975,0.941,1,1,1,0.498,1
F23.88,0.933,1,0.5,0.781,0.86,0,0.952,0.886,0.778,1,0.937,0.541,1.3,0.972,9.47,0.5,0.172,0.975,0,0.92,0,0,0,0
F23.89,0.967,0.954,1,1,1,0.958,1,0.943,1,1,1,1,10,1,9.47,0.833,1,1,0.941,0.98,1,1,1,1
F23.90,1,1,0.93,0.957,0.964,1,1,0.925,1,0.973,1,0.977,10,0.972,10,0.917,0.968,0.95,0.882,0.96,1,0.937,0.297,0.963
F23.91,1,1,1,1,1,0.876,1,0.963,1,1,1,0,9.73,1,6.86,1,1,1,1,1,1,1,0.898,1
F23.92,1,1,1,1,1,0.959,1,0.944,1,1,1,1,10,1,10,1,1,1,1,1,1,1,1,1
F23.93,0.417,0.908,0.485,0.218,0.18,0,0,0,0,0,0,0.335,0,0,0,0,0.452,0.8,0,0,0,0,0,0
F23.94,0.967,1,0.5,0.957,0.964,0.958,1,0.982,0.852,1,0.874,0.885,6.84,1,9.47,0.834,0.342,1,0.941,1,1,1,0.366,1
F23.95,0.899,1,1,0.957,1,1,1,0.943,0.889,1,0.937,0.828,8.31,1,10,1,0.968,1,1,1,0.971,1,0.898,1
F23.96,1,1,0.97,1,1,0.937,0.689,0.906,1,1,1,0,0,1,6.86,0.5,0,0.925,0.941,1,0.5,0.374,0.399,1
F23.97,0.833,0.77,0,0.827,0.928,0.916,0,0,0.778,0,0.749,0,1.82,0.863,4.76,0,0,0,0,0,0,0,0,0
F23.98,1,1,1,0.914,1,1,1,1,1,1,1,0.977,10,1,10,1,1,1,1,1,1,1,1,1
F23.99,0.966,1,0.96,1,1,1,1,0.962,0.889,1,0.937,0,9.74,0.919,9.47,1,0.872,1,1,1,0.971,0.748,1,0
F23.100,1,1,1,1,1,1,1,0.981,1,1,1,1,9.74,0.972,10,1,1,1,1,1,1,1,1,1
F23.101,0.867,1,1,1,0.964,0.958,1,0.83,0.889,1,1,0.977,9.46,0.89,9.47,0.834,1,0.975,0.941,1,1,0.937,0.934,1
F23.102,0.9,1,0.96,0.912,0.357,0.958,1,0.832,0.852,1,0.937,0.817,8.42,0.756,7.92,1,1,0.95,1,1,0.913,0.687,0.7,0.704
F23.103,1,0.477,0.51,0.914,0.536,0.801,1,0.5,0.056,0.5,0.874,0.657,3.92,0.585,8.94,1,0,0.775,0,0.28,0.471,0.375,0.799,0.556
F23.104,1,0.954,0.93,1,1,0.916,0.533,0.962,0.815,1,0.937,0,3.92,0.972,9.47,1,0.938,0.975,0.824,1,1,1,0.831,1
F23.105,0.966,0.908,0.96,0.957,1,1,1,0.982,1,1,1,1,10,1,9.47,1,1,1,0.941,1,1,1,0.967,1
F23.106,0.934,1,1,0.957,1,0,1,0.981,0,1,1,0.977,6.85,0.972,9.47,0.834,0.808,0.35,0.941,1,1,1,0.933,0.963
F23.107,1,1,0.97,0.914,1,0.958,1,0.981,1,1,0.937,0.839,10,1,10,1,1,1,0.941,0.98,1,1,1,1
F23.108,0.966,0.954,1,0.957,0.822,1,0.976,0.867,0.852,1,0.874,0,3.41,0.891,9.47,0.583,0.25,0.85,0.941,1,0,0.937,1,1
F23.109,0,0,0,0.394,1,0,0,0.886,0.852,0,0,0,0,0,0,0.25,0,0,0,0,0,0,0,0
F23.110,0.967,0.954,0.93,1,1,1,1,0.924,1,1,1,0.977,9.47,1,8.95,1,0.907,1,1,1,0.971,1,1,1
F23.111,0.967,1,0.97,0.957,1,0.96,1,0.888,1,1,0.811,1,8.95,0.972,9.47,0.834,0.84,0.975,0.941,0,0.971,1,0.899,1
F23.112,0.966,0.908,0.485,0.913,1,1,1,0.773,0.963,1,0.874,0.287,8.29,1,9.47,0.916,0.777,0.275,1,0.98,1,0.937,0.833,0.963
F23.113,0,1,1,0.699,0.5,0.748,1,0.867,0,0,0.937,0,9.73,0,10,0.834,0.874,0,0,0,0,0,0,1
F23.114,0.865,0.954,0.9,0.348,0.965,0.897,0.928,0.551,0.963,0.892,0,0,0.78,0.945,0.53,0.415,0.968,0.075,0,0,0,0.5,0.366,0.667
F23.115,1,0.954,0.96,0.914,1,0.98,0.976,0.981,1,1,1,1,9.73,1,10,1,0.374,1,1,1,0.971,0.937,1,1
1,0.934,1,1,0.957,1,0.979,1,0.962,0.815,1,1,0.908,4.74,1,10,1,0.936,0.934,1,0.96,0.971,1,0.967,1
2,0.966,1,1,1,1,0.958,0.976,0.829,0.704,1,0.937,0.931,9.73,0.944,9.47,0.751,0,1,1,1,0.971,0.748,1,0.704
3,0.966,0.954,0.96,0.87,0.893,0.853,1,0.81,0.741,1,0.375,0.727,3.43,0.944,3.17,0.5,0.843,0.826,0.765,0.78,0.943,0.937,0.798,0
4,1,0.954,1,1,1,1,1,0.962,1,1,1,1,10,1,10,1,0.938,1,1,1,1,1,1,1
5,0.966,1,0.96,0.957,0.928,0.979,0,0,0,0,0,0.288,7.91,0,1.58,0.499,0,0,0,0,1,1,0,0.445
6,0.867,1,0.96,0.87,0.928,0.958,1,0.906,0.963,1,1,0.978,10,1,9.47,0.917,1,1,0.941,1,0.972,1,0.967,0.963
7,0.967,1,1,0.957,1,0.92,1,0.981,1,1,1,0.956,9.73,1,8.41,0.417,0.907,1,0.941,1,1,1,1,1
8,1,1,0.97,1,1,1,0,1,1,1,1,1,9.46,1,10,1,1,1,1,1,0,0.811,0.967,0
9,1,1,1,1,1,1,1,0.981,1,1,1,1,10,0.972,10,1,1,1,0.882,1,1,1,1,1
10,1,1,1,1,1,1,1,0.981,1,1,0.937,1,9.73,0.972,10,1,0.969,1,1,1,0.972,0.469,0.967,0.834
11,1,0.954,1,1,1,1,1,1,1,1,1,1,10,1,10,1,1,1,1,1,1,1,1,1
12,1,1,1,0.957,1,1,1,1,1,1,1,1,10,1,10,1,0.872,1,1,1,1,0.874,1,0.5
13,0.934,0.954,0.93,1,1,1,0.977,0.982,0.852,1,1,0.931,10,1,10,1,0.969,0.912,1,0.98,1,1,0.933,1
14,1,1,1,1,1,0.899,1,0.925,1,1,1,0.816,9.46,0.972,9.47,0.834,1,1,1,1,1,1,1,1
15,0.932,1,1,0.913,0,0,0.904,0,0.852,1,0,0,9.73,0.723,10,0,0,0,0,0,0,0,0,0
16,0,0,0,0,0,0,0,0,0,0,0,0,0,0,0,0,0,0,0,0,0,0,0,0
17,0.933,0.954,0.97,0.741,0.68,0.814,0.88,0.83,0.778,0.973,0.937,0.475,4.7,0.808,5.8,0.581,0.715,0.848,0.765,0.96,0.884,0.688,0.599,0.297
18,0.967,0.954,0.9,1,1,0.979,0,0.944,1,1,0.937,0.702,10,0.888,9.47,0.833,1,0,0.941,0.94,0.971,1,1,1
19,1,0.954,0.93,1,0.964,1,1,0.944,1,1,0.937,0.956,10,1,10,1,0.968,1,1,1,1,1,1,1
20,1,0.954,1,1,0.965,0.98,1,0.811,0.852,1,1,0.932,10,1,9.47,0.834,0.968,0.978,1,0.98,1,1,0.898,1
21,1,0.862,0.96,0.956,1,1,1,0.981,1,1,0.937,0.978,10,0.972,9.47,0.916,1,1,0.941,1,1,0.748,1,0.889
22,1,0.954,0.97,0.871,1,0.878,1,0.886,0.815,1,0.313,0.819,10,1,10,1,0.188,0.608,0.705,0.64,1,1,0,0.371
23,1,0.954,1,1,1,1,1,0.981,0.963,1,1,0.978,10,1,10,1,1,1,1,1,1,0.874,1,1
24,0.867,0,0.465,0.957,0.466,0.364,0.406,0.35,0.371,0,0,0,0,0,0,0,0,0,0,0,0,0,0,0
25,0.899,1,0.97,0.957,0.964,0.899,1,0.963,1,1,1,0.977,10,1,10,0.916,1,1,1,1,1,1,0.932,1
26,1,0.863,0.97,0.957,0.857,0.979,1,0.83,0.963,1,0.937,0,4.97,1,4.47,0.876,0.969,0,0.882,0.96,0.943,0.811,0.398,1
27,0.967,0.954,0,1,1,0.727,0.092,1,0.889,1,0.626,0.023,0,0.084,0,0,0,0,0,0.12,0,0,0,0
28,0.867,1,1,0.826,0.964,1,0.5,0.944,1,1,0.937,0.753,10,0.973,10,0.917,0.938,1,0.941,0.96,1,1,0.932,1
29,1,1,1,0.957,1,0.958,1,0.449,0,0.027,1,0.954,10,0,9.47,0,0,0,0,0,0,0,0,0
30,0.967,1,1,1,1,1,1,0.943,1,1,1,1,10,1,10,1,1,1,1,1,1,1,1,1
31,0.933,0.954,0.97,1,0.965,0.937,1,0.962,0.963,1,0.937,0.843,10,1,10,0.916,0.907,0.868,1,1,1,1,0.967,1
32,1,1,1,1,1,1,1,0.962,1,1,1,0.978,10,1,10,1,1,1,0.942,1,1,1,1,1
33,1,1,0.5,0.957,1,1,0.534,0.981,1,1,0.937,1,3.53,0.944,8.94,1,1,1,0.941,0.88,1,0.938,1,1
34,1,0.954,0.96,1,1,1,1,0.944,0.963,1,1,0.977,9.47,1,10,1,1,1,0.883,1,0.971,1,0.898,1
35,1,1,1,1,1,0.958,1,1,1,1,1,1,10,0.972,10,1,1,1,1,1,1,0.937,0.933,0.963
36,1,1,0.97,0.957,0.928,0.959,1,0.908,1,1,1,1,10,1,9.47,0.916,0.938,1,1,0.98,1,1,1,1
37,0.966,0.816,1,1,1,0,1,1,0.852,1,0.937,1,10,0.832,10,1,0.5,1,0.882,1,0.5,1,1,1
38,0.934,1,0.97,0.957,0.964,0.958,0.5,0.924,1,1,1,0.851,9.73,1,9.47,0.833,1,0.979,0.882,1,1,1,0.966,0.852
39,0.967,1,1,1,0.964,0.5,1,0.906,1,1,1,1,10,1,10,1,0.469,1,1,1,1,1,0.583,1
40,0.933,1,1,1,1,0.979,1,0.943,0.963,1,1,1,10,1,10,0.834,0.969,1,1,1,1,1,1,1
41,0.9,1,0.96,1,1,1,1,0.887,1,1,1,0.978,10,1,10,0.917,0.969,1,1,1,1,0.811,1,1
42,0.966,1,1,1,1,1,1,0.963,1,1,1,0.885,10,0.863,8.94,1,0.905,0.956,0,1,0.971,0.874,0.5,1
43,0.967,0.23,0,0.914,0.929,0.469,1,0.886,0.815,1,0.937,0.909,8.16,0.972,10,0.833,1,0.978,0.766,0.98,1,1,0.865,1
44,1,0.954,1,0.957,0.929,0.895,0.976,0.905,0.926,1,0.749,0.863,9.48,0.972,8.95,0.75,0.777,0.197,0.941,0.9,1,0.937,0.867,0.889
45,1,1,1,1,1,0.979,1,0.981,1,1,1,1,10,1,9.47,1,0.5,1,1,1,1,1,0.932,0.5
46,0.433,0,0,0,0,0,0,0,0,0,0,0,0,0,0,0,0,0,0,0,0,0,0,0
47,0.967,0.954,0.97,0.914,0.412,0.355,1,0.829,0.741,0.5,0.687,0,0.78,0.504,4.47,0.208,0.405,0.271,0.824,0.7,1,0.874,0.233,0.445
48,0.934,0.954,0.97,1,0,0,1,0.754,0,1,0.937,0.954,9.2,0.972,9.47,0.917,0.907,0.978,0.941,1,1,0.937,0.833,1
49,1,1,1,1,1,0.939,1,0.981,1,1,0.937,1,10,0.972,10,1,1,1,0.941,1,1,1,1,1
50,0.967,0.954,1,0.957,1,0.459,1,0.962,0.852,0.5,1,0.931,8.94,1,10,0.917,1,0,1,1,0.971,1,0.865,1
51,0.966,1,0.96,0.914,1,1,0.976,0.981,0.963,1,0.874,0.862,10,0.972,9.47,1,0.936,0.978,0.941,1,0.972,0.874,0.865,1
52,0.967,0.954,0.96,0.87,0.964,0.857,0.5,0.943,0.815,1,0.937,0.82,9.47,0.918,9.47,0.667,0.874,0.978,0.824,0.98,0.971,0.937,0,0.963
53,0.934,0.954,0.94,0.87,1,0.449,1,0.868,0,1,0.874,0.702,3.29,0.098,6.86,0.666,0.11,0.892,0,0.73,0.972,0.937,0.748,0.852
54,1,1,1,1,1,1,1,0.981,1,1,1,1,10,1,10,1,1,1,1,0.98,1,1,0.966,1
55,1,1,0.93,0.957,0.929,0.864,0.046,0.905,1,1,1,1,10,0.972,9.47,1,1,1,0.941,0.94,1,1,1,1
56,1,0.908,0.97,0.957,0.928,0.668,0.856,0.736,0.778,1,0.811,0.52,2.91,0.945,5.29,0.833,0.842,0.848,0,0.96,0.971,1,0.967,1
57,1,1,1,1,1,1,1,0.981,0.963,1,1,1,10,1,10,1,0.968,0.978,1,1,1,1,1,1
58,0.934,0.954,0.94,0.913,0.965,0.666,0.21,0.5,0,0.946,0.811,0.819,7.9,0.919,10,0.834,0.936,0.414,0.941,0.9,1,1,0.5,1
59,0.934,0.954,0.97,0.914,0.751,0.92,0.977,0.377,0.778,1,0.874,0.886,8.41,0.972,9.47,0.832,0,0.934,0.941,0.8,0.972,0.876,0.865,1
60,0.966,1,0.97,0.825,0.288,0.979,1,0.962,0.852,1,0.811,0.977,9.47,1,9.47,1,0.81,0.848,0.882,1,0,1,0.967,1
61,1,1,0.97,0.956,1,0.5,0.976,0.925,1,1,0.937,0.977,10,0.972,10,1,0.873,0.783,0.882,0.98,0.971,1,0.967,1
62,1,0.908,0.97,1,0.964,1,1,0.981,1,1,0.937,0.955,10,1,9.47,0.917,1,1,1,0.98,1,1,1,1
63,0.966,1,0.96,1,1,0,1,0.982,1,0.5,1,0.955,10,1,5,0.917,0.5,0.956,1,0,0.971,1,1,1
64,1,1,0.94,0.957,0.928,0.937,1,0.924,1,1,0.937,0.362,4.74,0.584,10,0.917,0.437,0.64,0.941,0,1,0.468,1,1
65,0.966,1,1,1,1,1,1,0.962,1,1,1,1,10,1,10,0.917,0.938,1,0.941,1,0.971,1,0.865,1
66,1,1,0.97,1,1,1,1,0.981,1,1,1,1,10,0.972,10,0.916,1,1,1,1,1,0.937,1,1
67,1,0.954,1,1,0.964,0.96,0.5,0.889,0.926,1,1,0.911,9.73,1,9.47,1,1,0.87,0.941,0.98,1,0.938,1,1
68,1,1,1,0.913,1,0.5,0.5,0.943,1,1,1,0.489,10,0.5,10,1,0.968,0.5,0.5,1,1,0.5,0.449,1
69,1,1,1,0.957,0.964,1,1,0.981,1,1,1,0.977,10,1,10,1,0,1,1,1,1,1,0,1
70,1,0.954,0.93,0.957,1,1,1,0.924,1,1,1,1,10,0.972,9.47,1,1,1,1,1,1,0.937,1,1
71,0,0,0,0,0,0,0,0,0,0,0,0,0,0,0,0,0,0,0,0,0,0,0,0
72,0.934,0,0.485,0.956,0.964,0.489,0.5,0.453,0.186,0.5,0.937,0,5,0.972,4.74,0.583,0.5,0.5,0,1,0.942,1,0,0
73,1,0.954,1,1,0.964,0.92,1,1,0.963,1,1,0.977,10,0.972,9.47,1,0.81,1,0.942,1,1,1,0.898,1
74,1,1,1,0.611,0.537,0,0.856,0.624,0,0.865,0.749,0.367,0,0.862,0,0,0,0.848,0.824,0.86,0.855,1,0.933,0.778
75,0.966,0.318,1,0.956,0.554,0,0.738,1,0,0.891,0,0,1.04,0,7.37,0.415,0,0,0,0,0,0,0,0
76,1,1,1,0.957,1,0.5,1,0.981,1,1,1,1,10,0.972,9.47,0.917,1,1,1,1,1,1,0.484,1
77,0.466,0.681,0.97,1,0.929,0,1,1,1,1,0.875,0.36,8.94,0.889,6.34,0.417,0.781,0.418,0.882,1,0.971,1,1,1
78,0.9,0.457,0.43,0.956,0.288,0.538,0.428,0.981,0,0.432,1,0.307,1.98,0.084,8.42,0.585,0.938,0,0.354,0.43,0.457,0.312,0.083,0
79,1,1,1,1,1,0,0.5,0.924,1,1,1,1,10,0.972,10,1,0.454,1,0.942,1,0.971,0.874,1,1
80,0.732,0.908,0.94,0.957,0.964,0.916,1,0.944,0.963,1,0.937,0.954,9.73,1,10,0.916,0.938,1,0.941,1,0.971,1,0.934,1
81,0.934,0.954,0.55,0.914,1,0.874,1,0.943,0.963,1,0.937,0.955,9.47,0.972,10,1,0.843,0,0.941,0.98,1,0.874,0.966,1
82,1,1,1,0.913,1,1,1,0.981,1,1,0.937,0.978,9.74,1,10,1,1,1,0.882,1,1,1,0.966,1
83,1,1,0.97,1,1,0.92,1,0.501,1,1,1,0.954,9.74,1,0,1,0.968,0.892,1,0.9,0.471,0.811,1,0.926
84,1,1,1,0.957,0.928,1,1,0.963,1,1,0.937,0.977,9.73,1,9.47,1,0.968,0.978,1,0.98,1,0.937,0.967,1
85,0.966,0.818,0.55,1,0.893,0.727,0,1,0,0.972,0.812,0.479,7.65,0.916,3.17,0.916,0.484,0.758,1,0.98,0.855,1,0.566,0.741
86,1,1,0.93,1,1,1,1,0.962,1,1,1,0.954,9.74,0.308,9.48,1,0.808,0.956,1,1,0.942,0,1,1
87,0.966,1,0.96,0.437,1,1,1,0.906,1,1,1,0.77,8.69,0.28,10,1,1,0.956,1,0.3,0,1,0.5,1
88,1,1,1,0.957,1,0.918,1,0.905,1,1,1,0.956,10,0.944,9.47,0.917,1,1,0.765,1,1,1,1,1
89,1,0.817,1,1,0.93,0.918,1,0.888,0.852,1,0.937,0,8.17,1,9.48,0.668,1,0.978,0.941,0.88,0.971,1,0.766,0.852
90,0.966,1,1,1,1,0.92,1,0.963,1,1,1,1,10,1,9.48,1,1,1,1,0.96,0.971,1,0.967,1
91,0.967,1,0,0.87,1,0,1,0.962,1,1,0.937,1,10,0.944,10,1,0.5,1,0.942,1,1,1,0,1
92,0.9,1,0.97,1,0.75,0.449,0.976,0.945,0.445,0.972,1,0.956,9.47,0.972,10,0.668,0.484,0.934,0.587,1,1,0.811,0.267,0.926
93,0.9,1,1,0.957,1,0.979,1,0.924,1,1,1,0.908,5.24,0.972,8.43,0.667,0.407,0.892,0.235,0.96,0.4,0.437,0.733,0.778
94,1,1,1,0.914,1,1,1,0.867,1,1,1,1,10,1,10,1,1,1,1,0.92,1,1,0.967,0.963
95,0,0.68,0,0,0,0,0,0,0,0,0,0,0,0,0,0,0,0,0,0,0,0,0,0
96,0.9,0.954,1,0.914,1,0.979,0,0.868,1,1,1,0.977,4.97,1,9.47,0.917,0.876,0.978,1,0.98,0.971,1,0.8,0.778
97,0.866,0.544,0.91,0.914,0.965,0.794,0.904,0.754,0.926,0.973,1,0.978,9.46,0.944,9.47,0.917,0.969,1,0.882,1,1,1,0.967,0.963
98,0.967,1,1,1,1,1,1,1,1,1,1,1,9.73,1,10,1,1,1,1,1,1,1,1,1
S23.01,0.967,1,1,1,1,0.958,1,0.944,1,1,1,1,0.972,0.894,1,0.936,0.882,1,1,0.967,1,1,1,
S23.02,1,0.954,1,1,0.964,0.979,1,0.963,1,1,1,1,1,1,1,1,0.941,1,1,0.966,1,1,1,
S23.03,1,1,1,1,1,1,1,1,1,0.52,1,1,1,1,1,1,0.882,1,0.874,1,0.98,0.946,0.963,
S23.04,1,1,1,0.957,1,1,1,1,1,1,0.978,1,1,1,1,0.969,1,1,1,1,1,1,1,
S23.05,1,1,0.96,1,1,0.959,1,0.962,1,1,1,1,1,1,1,1,0,1,1,1,0,1,0,
S23.06,1,1,1,1,1,0.98,1,1,1,1,1,1,1,1,0.834,1,1,1,1,1,1,1,1,
S23.07,1,0.954,0.91,0.957,1,0.938,0.976,0.962,1,1,0.875,0.909,1,1,1,1,0.941,1,1,0.966,0.5,0.973,1,
S23.08,0.901,1,0.88,0.957,0.964,0.916,0.952,0.943,0.963,0.96,0.933,0.973,0.778,0.947,1,1,0.882,0.942,0.876,0,0,1,0.963,
S23.09,0.967,1,0.97,0,0.752,0.709,1,0.851,0.815,0.88,0.198,0.866,0.946,0.735,0.5,1,1,0.942,1,0.834,0.03,0.919,0.889,
S23.10,0.832,0.954,0,0,1,1,0.952,0.944,1,0.98,0.701,0.841,1,0.529,1,0.968,1,1,1,1,1,1,1,
S23.11,1,1,1,0.871,0.964,1,1,0.906,0.963,1,0.932,0.973,1,1,0.916,1,1,0.942,0.874,1,1,0.973,1,
S23.12,0.933,0.954,1,1,1,0.979,1,0.924,0.963,1,0.625,0.867,1,0.948,0.917,1,0.883,0.739,0.874,0.598,0,0.243,0.852,
S23.13,0.932,1,0.84,0,0,0,1,0.943,1,0.96,0.933,0.367,1,0.842,0.917,1,1,0,1,0.466,0.92,0,1,
S23.14,0.868,0.863,0.94,0.913,1,0.832,1,0.924,0.926,1,0.795,0.472,0.084,0,0,0.203,0,0.913,1,0,0,0,0,
S23.15,0.967,1,0.93,0.913,0.964,0.979,1,0.982,1,1,0.955,0,0.972,0.894,0.916,1,0.883,1,1,0.967,1,0.973,1,
S23.16,0.967,1,1,1,1,1,1,0.981,0.889,1,0.609,0.354,1,0.66,0.75,1,0.882,0.784,0.75,0.598,0.98,0.433,1,
S23.17,0.966,1,0.94,0.738,0.964,0.727,1,0.829,0.815,1,0.703,0,0.972,0.686,0.917,0.749,0.824,0.971,0.874,0.866,0.98,0.946,1,
S23.18,1,1,1,1,1,1,1,0.981,1,1,1,1,1,1,1,1,1,1,1,1,1,1,1,
S23.19,0.9,0.909,1,1,0.928,0.979,1,0.924,1,1,0.955,1,0.972,1,0.917,1,1,1,1,0.967,1,1,1,
S23.20,1,0.954,1,0.957,1,0.939,1,0.981,1,1,1,1,1,1,1,1,1,1,1,0.967,1,1,1,
S23.21,1,1,1,1,0.964,1,1,0.982,1,1,1,0.973,1,1,1,0.938,0.941,0.971,1,1,1,1,0.852,
S23.22,1,0.954,0.96,1,1,1,1,0.925,1,1,1,1,0.5,0.947,0.834,1,0.942,1,1,1,0.98,1,1,
S23.23,1,1,0.93,0.913,1,0.98,1,0.962,1,1,0.864,0.974,1,1,0.834,0.969,0.941,0.914,1,0.865,0.98,0.217,1,
S23.24,0.9,1,0.94,0.956,0.964,1,1,0.943,1,1,0.977,0.974,0.972,1,1,0.938,0.941,0.971,1,0.967,0.98,0.973,1,
S23.25,0.934,0.864,0.94,1,0.928,0.748,0.976,1,0.963,1,0.841,0.867,0.972,0.5,0.834,1,0.941,0.486,1,0.933,0.96,0.865,1,
S23.26,0.967,0.954,0.97,0.913,0.964,1,1,0.962,1,1,0.885,0.736,0.916,0.947,1,1,0.941,0.942,1,0.734,1,0.054,0.741,
S23.27,1,1,1,1,1,1,1,1,1,1,1,1,1,1,1,1,1,1,1,1,1,1,1,
S23.28,1,1,1,0.957,0.964,1,1,0.924,0.926,0.91,0.912,0.92,0.973,0.894,1,1,0.941,1,1,0.865,0.94,0.973,0.963,
S23.29,1,0.773,0.96,0.914,1,0.899,1,1,0.963,1,0.955,1,1,0.894,0.834,0.969,0.941,0.942,1,0.934,0.98,0.972,0.778,
S23.30,0.967,0.908,1,1,1,0.979,0.952,0.491,0.038,1,1,0.881,1,1,0.917,0.938,1,1,0.811,0.967,1,0.973,0.963,
S23.31,1,0.908,0.94,0.914,1,0.939,1,0.924,0.963,1,0.5,0.487,0.891,0.948,1,0.905,0.823,0.942,0.874,0.649,0.94,0.864,0.889,
S23.32,0,0,0,0.871,0,0,0,0.772,0,0,0,0,0,0,0,0,0,0,0,0,0,0,0,
S23.33,1,0.954,0.96,0.956,1,1,1,0.945,1,1,0.954,0.5,1,1,1,1,0.941,0.971,0.937,0.366,0.86,0.163,1,
S23.34,1,1,1,0.914,0.964,0,1,0,0,0.5,1,0.487,0,0.5,1,0.906,0.941,0.971,0.938,0.133,0.98,1,1,
S23.35,0.967,0.954,0.97,0.957,0.964,0.855,0.976,0.943,0.223,0.979,0.886,0.894,0.722,0.37,0.749,0.721,0.764,0.972,0.874,0.7,0.99,0.973,0.704,
S23.36,0.966,0.954,1,0.913,0.929,0.959,1,0.905,0.815,1,0.264,0,0,0,0,0.746,0.882,1,0.811,1,0.96,0.702,1,
S23.37,0.933,0.637,0.97,1,0.964,0.834,1,0.925,0.852,0.895,0.842,0.733,0.583,0,0.834,0.907,0.882,0.914,0,0.066,0.94,0.864,1,
S23.38,1,1,1,0.956,0.964,1,0.976,0.886,1,1,0.933,0.947,0.944,0.947,0.833,1,0.882,1,1,0.966,1,1,1,
S23.39,1,0.954,1,1,1,1,1,0.981,1,1,0.978,1,1,0.947,1,1,1,1,1,0.966,1,1,1,
S23.40,1,1,0,0.913,1,0.899,1,0.887,0.741,0,0,0,0.972,0.5,1,0.42,0.941,0.855,0,0.8,0.82,0,1,
S23.41,0.933,0.276,0.93,0.785,0.964,0.876,0.76,0.868,1,0.909,0.566,0.815,0.972,0.895,0.834,1,1,0.173,0.749,0.818,0.8,0.703,0.778,
S23.42,1,0.954,1,0.956,1,1,1,1,1,1,1,1,1,1,1,1,1,1,1,1,1,1,1,
S23.43,0.899,0.954,0.93,0.781,1,1,1,0.962,1,1,0.759,0.973,1,1,1,0.641,0.941,1,1,0.831,1,0.973,1,
S23.44,0.901,1,1,0.957,0.928,0.918,1,0.962,0.852,1,0.909,0.34,0.531,0.158,0.457,0.093,0,0.827,0.626,0,0.3,0.108,0.667,
S23.45,0.901,0.864,0.94,0.957,1,0.979,0.952,0.962,0.889,0.92,0.348,0.869,0.946,0.947,0.834,0,0.882,1,0.937,0.631,0.92,0.784,0.815,
S23.46,1,1,0.97,1,0.964,0.979,0.856,0.753,0.815,1,0.288,0.844,0.696,1,1,1,0.292,1,0.812,0.367,0,1,0.63,
S23.47,1,1,0.58,0.739,0.928,1,1,1,1,1,0.774,0.921,1,0.947,1,1,0.941,1,1,0.632,0.94,0.162,0.741,
S23.48,1,0.909,0.9,0.871,0.964,0.979,1,0.886,1,1,0.978,0.895,1,0.947,1,0.907,0.883,0.913,1,1,0.94,0.838,1,
S23.49,0.9,1,0.96,1,1,0.937,1,0.963,0.963,1,1,0.973,1,0.947,0.917,0.969,1,0.5,1,0.967,1,1,1,
S23.50,0.9,0.727,0.88,0,0.252,0.314,0,0.906,0.926,0.98,0.659,0.579,0.919,1,0.917,0.937,1,0.943,1,0.633,1,0.514,0.593,
S23.51,0.9,0.954,0.91,0.957,1,0.917,1,0.946,1,1,0.956,1,0.972,0.947,0.833,0.907,1,1,1,0.966,1,0.676,0.963,
S23.52,1,1,0.96,0.957,1,1,0.568,0.963,1,1,0.977,1,1,0.842,0.834,0.391,0.706,0.486,0.372,0,0,0.122,0,
S23.53,0.967,0.954,1,1,1,1,1,1,1,1,1,1,1,1,1,1,1,1,1,1,1,1,1,
S23.54,0.9,0.32,0,0,0,0.436,0,0,0,0,0,0,0,0,0,0.841,0,0,0,0,0,0,0,
S23.55,1,1,1,1,0.929,0.916,1,0.924,1,0.96,0.727,0.92,1,0.947,0.834,0.843,0.883,0.971,1,0.731,0,0.865,0.815,
S23.56,1,0.954,0.97,1,1,1,1,1,1,1,1,1,1,1,1,0.5,0.883,1,1,1,1,1,1,
S23.57,1,1,0.97,1,1,1,1,0.962,1,0.98,0.863,1,0.919,1,1,1,0.941,1,1,0.967,1,1,1,
S23.58,0.765,0,0.27,0.522,0.857,0,0.57,0.811,0.444,0.94,0.477,0.497,0.891,0.947,0.751,0.81,0.413,0.26,0,0,0,0,0,
S23.59,0.834,1,0.96,0.956,1,0.939,1,0.962,0.889,1,0.978,1,1,0.474,0.832,1,0,0.913,1,0.832,0.98,0.406,0.852,
S23.60,1,1,0.97,0.913,0.964,1,1,1,1,1,1,0.947,1,1,0.834,1,1,1,1,0.932,1,1,1,
S23.61,0.868,0.728,0.27,0.568,0.928,1,1,0.943,0.889,0.92,0.161,0.369,0.588,0,0.249,0.748,0.53,0.116,0.187,0.33,0.82,0.243,0.556,
S23.62,1,1,0.9,0.957,0.964,0.979,1,0.981,1,1,0.978,1,1,0.948,0.5,0,0.292,1,1,0.933,1,0,1,
S23.63,0.966,0.954,1,0.914,0.928,1,1,0.981,0.852,0.96,0.909,0.575,0.972,0.947,0.917,0.469,0.941,0.971,1,0.83,0.96,0.297,0.963,
S23.64,0.901,0.908,0.91,0.912,0.928,0.856,0.856,0.811,0.815,0.98,0.91,0.547,0.237,0.895,0.917,1,0.706,0.913,0.876,0.198,0.92,0.757,0.963,
S23.65,1,1,0.96,1,0.786,1,0.954,0.905,0.852,0.5,0.494,0,0.918,0,0,1,0,0,1,0,1,0.027,0.9075,
S23.66,0.933,1,1,0.914,0,0,0,0.905,0.704,1,0,0,0,0,0,0,0,0,0,0,0,0,0,
S23.67,1,1,1,0.913,1,0.937,1,0.905,1,1,1,1,0.972,0.947,0.917,1,1,1,1,0.832,0.94,0.973,1,
S23.68,0.967,1,1,1,1,0.979,1,0.962,1,1,1,0.974,1,1,1,0.969,0,0,1,0.066,0.98,0.325,0.741,
S23.69,1,1,0,0.648,0.893,1,1,0,0,0,0,0,0.972,0,0,0,0,0,0,0.799,0,0,0.296,
S23.70,0.832,0.773,1,0.176,1,0.979,1,0.434,0.926,0.15,0.656,0.447,0.944,0.371,0,0.5,0.941,0.802,0,0.368,0.86,0.109,0.482,
S23.71,1,1,1,0.956,0.929,1,1,0.906,0.815,1,0.5,1,1,0.605,0.832,0.938,0,1,1,0.967,1,1,0.963,
S23.72,0.967,1,0.96,0.957,1,1,1,0.981,0,0.5,0.711,0,0,0.5,0.5,0,0,0,0,0,0,0,0,
S23.73,0.967,0.954,0.96,1,1,1,1,1,1,1,1,1,1,1,1,1,1,1,1,1,1,0.973,0.963,
S23.74,0.868,0.862,0,0,0.93,0.16,0,0.886,0.815,0.47,0,0,0.655,1,1,0.514,0,0,0.5,0.765,0,0.19,1,
S23.75,0.833,1,0.55,1,0.606,0.021,0,0,0,0.02,0.066,0.052,0,0,0,0.684,0,0,0,0,0,0,0,
S23.76,0.565,1,0.93,0.347,0.108,0,0.046,0.962,1,1,0.824,0.645,0.888,0.894,1,0.907,0.941,0.971,0.938,1,0,0,0,
S23.77,0.967,0,0.96,1,0.964,1,0.952,0.735,1,1,0.862,0.947,0.306,0.581,0.25,0.721,0.823,1,1,0.831,0,0.891,0.556,
S23.78,0,0,0,0,0,0,0,0,0,0,0,0,0,0,0,0,0,0,0,0,0,0,0,
S23.79,0.833,0.863,0.96,0.826,0.928,0.96,1,0.962,1,1,0.842,0.973,1,1,1,1,0.882,1,1,0.967,1,0.973,1,
S23.80,0,1,1,0.913,0,0.559,0.977,0.926,0.63,1,0.282,0,0.944,0.58,0.75,0,0,0,0,0,0,0,0,
S23.81,1,1,0.96,1,1,1,1,1,1,1,1,1,0.972,1,1,1,1,1,1,1,1,1,1,
S23.82,0.967,0.954,1,0.914,0.928,0.92,1,0.962,1,1,0.933,1,0.972,1,0.917,1,0.942,1,0.938,0.9,1,1,1,
S23.83,0.901,1,0.9,0.957,1,0.958,1,0.924,1,1,0.977,1,1,0.947,0.834,1,0.941,0.971,0.874,1,1,1,0.963,
S23.84,1,1,1,1,1,0.98,1,0.981,1,1,0.978,1,1,0.947,1,1,1,1,0.937,1,0.65,1,1,
S23.85,0.934,0.817,0.97,0,0.928,0.94,1,0.868,0,0,0.364,0,0,0,0,0,0.882,0,1,0,0,0.311,0.593,
S23.86,0,0.954,1,0.611,0.964,0.814,1,0.85,0.815,0.94,0.6,0.84,1,1,1,0.968,1,0.971,1,0.865,1,1,1,
S23.87,0.465,0.954,0,0.957,0.964,0.857,1,0.963,0.852,0.9,0.316,0.238,0.668,0.476,0.832,0,0.767,0.971,0.75,0.798,0.9,0.622,0.741,
S23.88,0.866,1,0.96,0.957,1,0.918,1,0.962,0.963,0.98,0.955,1,0.972,1,0.916,0.969,1,1,0.937,0.966,0,1,1,
S23.89,0.966,1,0.93,0.914,1,1,1,1,0,0.98,0.77,0,1,0,0.416,0,0,0.217,0,0.249,0.37,0.352,0.778,
S23.90,1,1,0.93,1,1,0.899,1,0.962,1,1,0.978,1,1,1,1,0.936,1,1,1,1,0.98,1,1,
S23.91,0.933,0.954,0.9,0.914,1,0.853,0.952,0.453,1,0.06,0.133,0,0.487,0.37,0,1,0.941,0.5,1,0.934,0,0.473,1,
S23.92,0.801,0.909,0.97,0.827,0.752,0.895,0,1,0.778,0.86,0,0.659,0.224,0,0,0,0,0,0.687,0,0,0,0,
S23.93,1,1,0.96,0.957,1,0.939,1,0.981,1,1,1,0.973,1,0.948,1,1,0.941,0.942,1,1,0.98,0.973,1,
S23.94,1,1,0.96,1,0.928,0.916,1,0.905,1,1,1,0.973,0.667,0,0.748,0.749,0.292,0,0,0,0.98,0.945,1,
S23.95,0,0.955,0,0.871,0.144,1,1,0.924,0.667,0.5,0,0,0,0,0.5,0.404,0.883,1,0.5,1,0.96,0.676,1,
S23.96,0,0.908,0.94,0.956,0.928,0.918,1,0.907,0.815,0.47,0.865,0.605,1,0.947,1,1,1,1,1,1,0.96,0.945,0.963,
S23.97,0.967,0.954,1,0.957,1,1,1,0.943,1,1,0.931,1,1,1,1,1,1,1,1,0.899,0.96,0.973,1,
S23.98,1,1,1,1,1,1,1,0.981,1,1,1,1,1,1,1,1,0.941,1,1,1,1,1,1,
S23.99,0.799,0.728,0.88,0.914,0.928,0.248,0.904,0.83,0.889,0.43,0.176,0,0.112,0,0,0,0.529,0.472,0.937,0.433,0.74,0.419,0.445,
S23.100,1,0.862,0.94,0.957,1,1,1,0.981,0.815,1,0.908,0,0.972,0.686,0.917,1,0.882,0.942,0.75,0.765,1,1,1,
S23.101,0.9,0.954,0,0.476,0.859,0.897,0.504,0.906,0.63,0.98,0.748,0.812,0.892,0.582,0.917,0.843,0.882,1,0.686,0.596,0.92,1,0.778,
S23.102,1,0.954,1,0.956,1,1,1,0.962,1,1,1,1,1,1,0.834,1,0.941,1,1,0.966,1,0.973,1,
S23.103,0.934,1,1,0.957,0.964,0.979,1,0.944,1,1,0.885,0.893,1,0.947,1,0.219,0,0.486,1,1,1,1,1,
S23.104,0.8,0.636,0.82,0.609,0.928,0.706,1,0.886,0.778,0.9,0.318,0.738,1,1,0.333,0.936,0.882,0.972,0.75,0.598,0.88,0.244,0.889,
S23.105,0.934,1,0.97,0.957,0.964,1,1,0.981,1,1,1,1,1,1,1,1,0.941,1,1,1,1,1,1,
S23.106,0.967,1,1,0.913,1,1,1,1,1,1,1,0.974,0.972,0.947,1,0.969,0.882,1,0,0.799,0.5,0.973,1,
S23.107,1,0.954,0.93,1,0.928,0.96,1,0.962,0,1,0,1,0.946,0,0.917,0.968,0.883,1,0.876,0.667,0,0.919,1,
S23.108,1,0.908,1,0.957,0.856,1,1,0.944,0,0,0.862,0,0,0,0.208,0,0,0.486,0,0.382,1,0.946,1,
S23.109,0.967,1,0.97,0.869,0.964,0.959,1,0.925,1,0.98,0.908,0.973,1,1,1,0.746,1,1,1,0.966,0.96,0.973,1,
S23.110,0.934,0.184,0.73,0.913,0.964,0,0.736,0.829,0.815,0.96,0.707,0.92,0.972,0,0.916,0.938,0.882,0.942,0.938,0.866,0.9,0.837,0.963,
S23.111,0.967,0.954,1,0.914,1,1,0.952,0.982,1,1,0.91,1,1,1,0.917,0.969,0.941,0.972,1,0.966,0.94,1,0.963,
S23.112,1,1,0,1,1,1,1,0.981,1,1,0,0,0,0,0.083,0,0,0,0.248,0,0,0,0.074,
S23.113,0.966,1,1,0.912,1,1,1,0.944,1,1,0.977,1,1,1,1,0.388,0.941,1,1,1,1,1,1,
S23.114,0.934,1,0.93,0.956,0.964,0.857,1,1,1,1,1,0.922,1,1,1,1,1,0.971,1,0.901,1,1,1,
S23.115,0.932,0.908,0.96,0.956,0.928,1,1,1,1,0,0.816,1,0,0.894,0,1,0,0.5,0.438,0.732,1,0.906,0.889,
S23.116,0.868,0.954,0.91,1,0.964,0.917,1,0.888,0.778,0.92,0.728,0.947,0.89,0.947,1,1,0.941,0.971,1,0.864,0.96,0.73,0.926,
S23.117,0.967,0.954,0.96,0.914,1,1,1,0.943,1,1,1,1,0.972,1,1,1,1,1,1,1,1,1,1,
S23.118,1,0,0.97,0.871,1,1,1,0.962,0.815,1,1,0.946,0.809,1,1,1,0.882,1,1,0.901,0.94,0.352,0.963,
S23.119,0.9,1,0.96,0.914,1,1,1,0.962,1,1,1,0.973,1,1,1,0.938,1,1,0.748,0.967,0,1,0.963,
S23.120,1,1,1,0.914,1,0.979,1,0.5,1,1,1,1,0.5,1,1,1,1,1,1,1,0.5,0,0.778,
S23.121,1,1,0.96,0.869,0.928,0.622,0.977,0.962,0.815,0.98,0.494,0.737,0.944,1,0.583,0.016,0.764,0.443,0.937,0.532,0.88,0,0,
S23.122,1,1,1,1,1,1,1,1,1,1,0.977,1,1,1,1,1,1,1,1,1,1,1,1,
S23.123,0.868,0.955,0.94,1,0.964,0.857,1,0.943,0.963,1,0.954,1,0.89,1,0.917,0.872,0.883,0.971,0.937,1,1,1,1,
S23.124,1,0.909,1,0.87,1,0.98,1,1,0.963,1,0.934,0.973,1,1,1,1,1,1,1,0.865,1,1,1,
S23.125,0.867,0.863,0.91,0.782,0.75,0.771,0.808,0.926,0.778,0.24,0.865,0.104,0.835,0.895,0.416,0.938,0.823,1,0.813,0.898,0.86,0.501,0.852,
S23.126,1,0.954,1,1,1,1,1,0.943,1,0,1,1,1,1,0,0.969,1,1,1,1,0.49,0,0,
S23.127,0.901,1,0.93,0.957,1,0.587,1,0,1,0,0,1,0,0,1,0.031,0,0,0.874,1,1,0.271,1,
S23.128,0.932,1,1,0.913,0.928,0.937,1,0.963,0.963,1,0.908,0.948,0.5,1,1,1,0.941,1,0,0,0,0,0,
S23.129,0.967,0.954,1,0.957,1,0,1,0.944,1,1,0.909,0.5,1,0,0.917,0,0,0,0.248,0.365,0.9,0,0.5,
S23.130,0.967,1,0.96,0.957,1,1,1,0.982,1,1,0.977,1,0.972,1,0.917,1,1,1,0.624,1,1,1,1,
S23.131,0.967,0.954,1,0.825,1,0.899,0.976,0.943,0.852,0.96,0.748,0.842,1,0.947,1,0.779,0.764,1,1,0,0.7,0,0.704,
S23.132,0,1,0.96,1,1,0.899,1,0.847,0.852,0,1,0.499,0.755,0,0,0,0.824,0.67,0.499,0,0,0.703,0.963,
S23.133,1,0.954,1,0.913,1,0.958,1,0.981,1,1,0.911,1,0.972,0.947,0.834,0.969,1,0.971,1,1,1,1,1,
S23.134,0.966,0.954,0.94,1,0.857,0.877,1,0.962,0.852,0.94,0.771,0.657,0.918,0.948,0.751,1,0.941,1,0.874,0.3,0.72,0.352,1,
S23.135,1,1,1,0.957,1,0.959,1,0.981,0.926,0.96,0.908,0.973,0,0.948,0.917,1,0.764,0.971,1,0.83,1,0.945,1,
S23.136,1,1,1,0.957,0.964,1,1,1,1,1,1,1,1,1,1,1,0.765,1,0.811,0.967,1,0.973,0.963,
S23.137,0.967,0,0,0.912,0,0,0,0.963,0,1,0.862,0,0,0,0,0,0.765,0,0.311,0,0,0,0,
S23.138,0.966,1,0.96,0.957,1,0.939,1,0.793,1,1,0.954,0.947,1,1,0.834,0.5,1,0.971,1,1,1,1,1,
S23.139,1,0.954,0.97,1,1,1,1,0.924,1,1,1,0.487,0.5,0.947,1,0.969,1,0.972,0.937,1,0.49,1,1,
S23.140,0.967,0,1,1,1,1,1,0.481,1,1,1,0.5,1,0.579,1,0.969,1,1,0.937,1,0.5,1,1,
S23.141,0.901,1,0.94,0.871,0.928,0.897,0.976,0.81,1,0.96,0.955,0.973,1,1,1,0.872,0.941,1,0.874,1,0.86,0.892,1,
S23.142,1,0.954,0,0.912,0.786,1,0.952,0.963,0.852,0.98,0.701,0.947,0.252,1,1,0.875,0,0.943,0,0.798,0,0,0,
S23.143,0.967,0.954,1,1,1,0,1,1,0.889,0.5,0.977,0.5,0.973,1,0.458,1,0,1,1,1,1,0.662,1,
S23.144,1,1,1,0.957,1,0.979,1,0.5,1,1,0.977,1,0,1,0.917,1,1,1,1,0.917,1,0.703,1,
S23.145,0.9,0.909,0.9,0.825,0.537,0.624,0.857,0.944,0.926,1,0.748,0.786,0.638,0.581,0.25,0.812,0.706,0.943,0.811,0.898,0.9,0.838,0.704,
S23.146,0.899,1,0.96,0.956,0.892,0.937,1,0.943,1,1,0.82,0.738,0.728,1,0.917,0.876,0.941,0.486,1,0.967,0.78,0.325,0.852,
S23.147,0.899,0.954,1,0.914,0.965,0.918,1,0.925,0.778,1,0.862,0.974,0.916,0.947,1,1,0.941,1,0.75,0.632,0.98,0.73,0.963,
S23.148,0.867,0.772,0.93,0.785,0.964,0.58,0.33,0.793,0.667,0,0,0,0,0.132,0.083,0.094,0,0.486,0.124,0.033,0.14,0,0.296,
S23.149,0.834,0,0.87,1,0.964,0.727,0.952,0.924,0.371,0.96,0,0.368,0.832,0.788,0,0.969,0.884,0.971,0.687,0.233,0,0.081,0.815,
S23.150,0.933,1,0.9,0.914,1,0.98,1,1,1,1,0.775,0.895,1,0.894,0.083,1,0.941,1,0.814,1,0.98,1,1,
S23.151,0.966,1,0.96,1,1,1,1,0.962,1,1,0.978,1,1,1,1,1,0.941,0,0,0,1,1,0.852,
1 Zhou,0.875628141,0.908,0.923076923,0.825,1,0.898734177,0.973412112,1,1,1,1,0.952879581,0.891,1,1,1,0.934240363,1,1,0.959281437,1,,,
2 Zhou,0.958542714,1,1,0.957,1,1,1,1,1,1,1,1,1,1,1,1,1,1,1,1,1,,,
3 Zhou,0.958542714,1,0.967032967,0.956,0.964,1,0.943870015,0.882539683,1,1,1,0.726003490,0.944,0.947,0.75,0.931642778,0.800453515,1,1,0.920958084,1,,,
4 Zhou,1,1,0.967032967,1,1,1,1,1,1,1,1,1,1,1,1,1,0.800453515,1,1,1,1,,,
5 Zhou,0.917085427,0.908,1,1,1,0.920253165,0.887740030,1,1,1,0.5,0,1,1,0,1,0.933106576,1,0.937,0.880239521,1,,,
6 Zhou,0.933417085,0.954,1,1,1,0.898734177,0.971935007,1,1,1,1,1,1,1,1,1,1,0,0,1,1,,,
7 Zhou,0.958542714,0.954,0.956043956,0.957,1,0.946835443,0.747415066,0.647619048,1,1,1,0.952879581,1,0.947,0.917,1,0.866213152,0.932163743,0.874,0.879041916,1,,,
8 Zhou,1,0.954,0.967032967,1,0.964,0.922784810,1,1,1,1,1,1,0,1,0.751,0.965821389,0.933106576,0.769590643,1,0.837125749,1,,,
9 Zhou,0.5,1,1,0.957,1,0.873417722,1,1,1,1,1,1,0.5,0.947,1,1,0.933106576,0.392982456,0.282,1,1,,,
10 Zhou,1,1,1,0.957,1,0.818987342,0.971935007,1,1,0.922318126,1,1,1,0.947,0.459,1,1,1,1,1,1,,,
11 Zhou,1,1,0.956043956,0.956,1,1,0.748892171,1,1,1,1,1,1,0.947,0.417,0.965821389,0,1,0.874,1,1,,,
12 Zhou,0.917085427,0.955,0.956043956,0.914,0.928,1,0.917282127,0.882539683,1,1,1,0.952879581,0.972,1,1,0.964718853,1,1,1,1,1,,,
13 Zhou,0.706030151,0.636,0.736263736,0.956,1,0.470886076,0.664697194,0.647619048,1,0.461159063,0.722222222,0.589877836,0.861,0.894,0.667,1,0.933106576,0.966081871,1,0.959281437,1,,,
14 Zhou,,,,,,,,,,,,,,,,,,,,,,,,
15 Zhou,0.958542714,1,0.956043956,0.957,1,0.946835443,0.915805022,1,1,1,1,1,1,0.948,1,0,0.467120181,1,0.748,0.960479042,1,,,
16 Zhou,1,0.908,0.967032967,1,1,1,0.943870015,1,0,1,0,0,0,1,1,1,1,1,1,1,1,,,
17 Zhou,0.875628141,0.908,0.923076923,1,0.928,0.869620253,0.750369276,0.765079365,1,0.922318126,0.833333333,0.589877836,0.863,0.841,0.585,0.929437707,0.867346939,0.933333333,0.937,0.801197605,1,,,
18 Zhou,0.958542714,0.954,1,1,0.964,0.845569620,0.945347120,0,0.973,0.500616523,0.5,0.205933682,0.972,1,1,0.861080485,1,0.966081871,0.685,1,1,,,
19 Zhou,0.958542714,1,0.956043956,1,1,0.948101266,0.971935007,1,1,1,1,1,0.944,0.947,0.917,1,0.933106576,1,0.811,0.759281437,1,,,
20 Zhou,0.917085427,0.954,1,0.914,0.964,1,0.945347120,1,1,1,1,1,0.919,0.947,0.833,0.930540243,1,1,0.937,1,1,,,
21 Zhou,0.875628141,0.954,0.923076923,1,1,0.896202532,0.887740030,0.647619048,1,1,0.833333333,0.680628272,0.918,0.947,0.75,0.828004410,0.933106576,0.933333333,0.937,0.398802395,1,,,
22 Zhou,0.917085427,0.862,1,0.87,0.964,0.973417722,0.779911374,0.823809524,1,1,0.944444444,0.952879581,0.972,1,1,0.790518192,0.867346939,0.966081871,1,0.920958084,1,,,
23 Zhou,0.958542714,0.908,0,0.957,1,0.736708861,0,0,0,0.617755857,0,0,0.472,0.896,0,0,0,0,0,0,1,,,
24 Zhou,0.958542714,0.819,0.373626374,0,0.857,0,0.666174298,0.647619048,0.837,0.536374846,0,0,0,0.843,0.834,0.931642778,0.933106576,0.966081871,0.625,0.877844311,1,,,
25 Zhou,1,1,0.956043956,0.914,1,1,0.861152142,1,1,1,0.944444444,0.907504363,0.972,1,1,0.858875413,0.800453515,0,0,0.359281437,1,,,
26 Zhou,0.917085427,1,0.923076923,1,0.964,0.898734177,0.915805022,0.823809524,1,1,1,0.952879581,1,0.474,0.5,0.931642778,0.934240363,1,1,0.918562874,1,,,
27 Zhou,0.958542714,0.908,0.890109890,0.525,0.964,0.946835443,0.831610044,0.677777778,0.973,1,1,0.816753927,0.917,0.947,0.916,0.861080485,0.867346939,0.483040936,0.437,1,1,,,
28 Zhou,0.875628141,0.954,0,0,0.501,0,0,0,0,0,0,0,0,0,0,0,0,0,0,0,1,,,
29 Zhou,1,0.364,0.967032967,0.957,0.928,0.840506329,0.973412112,0.882539683,1,1,1,1,1,1,0.916,0.896361632,0.933106576,0.967251462,0.624,1,1,,,
30 Zhou,1,1,1,1,1,1,0.971935007,1,1,1,1,0.907504363,1,1,1,0.858875413,0.933106576,1,0.937,1,1,,,
31 Zhou,0.958542714,1,1,1,0.928,0.920253165,0.748892171,0.941269841,1,1,0.944444444,1,0.944,1,0.916,0.858875413,1,1,1,0.877844311,1,,,
33 Zhou,0.917085427,0.432,0.362637363,0.957,1,0.894936709,0.444608567,0.5,1,1,0.944444444,0.862129145,0.501,0.947,0.917,0.862183021,0.933106576,0.967251462,0.874,0.881437126,1,,,
34 Zhou,1,1,0.923076923,1,0.948,0.949367089,0.973412112,1,1,1,1,0.863874346,0.972,1,0.667,1,0.933106576,1,1,0.919760479,1,,,
35 Zhou,1,0.954,1,1,1,0.872151899,0.831610044,0.941269841,1,1,1,0.954624782,1,1,1,0.965821389,1,1,1,1,1,,,
36 Zhou,0.788944724,0.954,0.901098901,0.675,0.892,0.711392405,0.859675037,1,0.919,1,0.888888889,0.727748691,0.916,0.947,1,0.929437707,1,0.933333333,0.312,0.798802395,1,,,
37 Zhou,1,0.954,1,1,1,0.973417722,1,1,1,1,1,1,0.972,1,1,1,1,1,0.937,1,1,,,
38 Zhou,0.917085427,1,0.967032967,0.523,0,0.710126582,0.806499261,0.353968254,0.973,0.076448829,0,0,0,0,0,0.861080485,0.933106576,0.505263158,0,0.880239521,1,,,
39 Zhou,0.917085427,0.862,0.923076923,0,0.964,0.710126582,0.779911374,1,0.973,1,1,0,0.891,0.947,1,1,0.934240363,0.933333333,0.813,0.477844311,1,,,
40 Zhou,1,1,1,0.956,1,1,1,1,1,1,1,1,1,1,0.916,1,0.934240363,0.966081871,1,1,1,,,
41 Zhou,0.958542714,1,1,1,1,0.869620253,0.887740030,0.941269841,1,1,0.888888889,0.137870855,0.5,0.947,1,1,1,1,0.876,1,1,,,
42 Zhou,1,1,1,0.957,1,1,0.973412112,1,1,0.922318126,1,1,0.972,1,1,1,1,1,1,1,1,,,
43 Zhou,1,0.954,1,0.914,1,0.898734177,0.805022157,1,1,1,1,0.952879581,0.972,0.947,1,1,0.933106576,1,0.937,0.959281437,1,,,
44 Zhou,1,1,1,0.957,1,1,1,1,1,1,1,1,1,1,1,1,0,1,0.938,1,1,,,
45 Zhou,0.958542714,1,1,0.957,1,0.898734177,1,1,1,1,1,1,0.5,1,1,0.858875413,1,1,1,0.398802395,1,,,
46 Zhou,0.917085427,1,0.967032967,0.957,1,0.973417722,0.971935007,1,1,1,1,0.952879581,1,1,0.917,0.965821389,1,1,0.937,0.959281437,1,,,
47 Zhou,0.958542714,0.908,0.956043956,0.394,0.359,0.707594937,0.943870015,0.941269841,1,1,0.888888889,0.952879581,0.056,0.947,0.751,0.754134509,0.5,0.933333333,0.811,0.838323353,1,,,
48 Zhou,0,0,0,0,0,0,,,,,,,,,,,,,,,1,,,
49 Zhou,1,0.638,0.923076923,0.957,1,1,1,1,1,1,1,1,1,1,1,1,1,1,1,1,1,,,
50 Zhou,0.917085427,0.954,0.967032967,0,0,0,0.859675037,0.765079365,0,0.844636252,0.944444444,0.635253054,0.72,0.894,0.376,1,0.867346939,0,0,0.197604790,1,,,
51 Zhou,1,0.954,0.967032967,0.957,1,1,1,0.941269841,0.5,1,1,0.954624782,1,0.947,0.833,0.790518192,0.866213152,0.966081871,0.937,0.838323353,1,,,
52 Zhou,0.831658291,1,0,0,0.432,0,0,0,0,0,0,0,0,0.368,0.292,0.790518192,0.799319728,0.898245614,0.124,0.675449102,1,,,
53 Zhou,0.917085427,0.954,1,0.957,1,0.867088608,0.831610044,1,0.973,0.923551171,0.944444444,0.952879581,0.472,0.868,0.917,1,0.467120181,1,0,0.960479042,1,,,
54 Zhou,0.917085427,1,0.934065934,0.957,0,0.101265823,0.971935007,0.471428571,1,0,0,0,0.476,0.633,0.585,0.788313120,0,0,0,0.837125749,1,,,
55 Zhou,0.874371859,1,1,0.957,0.964,1,0.971935007,1,1,0.922318126,1,0.954624782,0.863,0.841,0.832,0.929437707,1,0.967251462,0.937,1,1,,,
56 Zhou,0.792713568,0.908,0.824175824,0.87,0.964,0.550632911,0.915805022,0.941269841,1,1,1,0.954624782,1,1,0.75,1,1,0.830409357,1,0.840718563,1,,,
57 Zhou,1,0.954,1,1,1,1,1,1,1,1,1,0.954624782,1,0.947,1,1,1,1,1,1,1,,,
58 Zhou,0.917085427,0.908,0.791208791,0.132,0.573,0,0.915805022,0.765079365,0,0.922318126,0,0,0.168,0.58,0.416,1,0,1,0,0,1,,,
59 Zhou,0.875628141,1,0.967032967,0.913,0.965,0.973417722,0.943870015,1,1,1,1,0.954624782,1,0.947,1,0.964718853,0.934240363,0.632748538,0.375,0.839520958,1,,,
60 Zhou,0.917085427,0.954,0.967032967,1,0.964,0.973417722,0.833087149,0.941269841,0.973,1,1,1,0.917,0.895,1,0.965821389,1,1,1,0.039520958,1,,,
61 Zhou,0.958542714,0.908,0.967032967,1,1,1,0.805022157,1,1,1,0.944444444,0.952879581,1,0.947,0.667,0,0.933106576,0.865497076,0.561,0,1,,,
62 Zhou,0.917085427,1,1,1,1,1,0.973412112,1,1,1,1,1,0.972,0.947,0.917,1,0.934240363,0.966081871,0.937,1,1,,,
63 Zhou,0.958542714,0,0.901098901,0.738,0.892,0.154430380,0.915805022,0.704761905,0.973,1,0.555555556,0.045375218,0.804,0.947,0.834,0.858875413,0.866213152,0.832748538,0.624,0,1,,,
64 Zhou,1,0.954,1,1,1,1,1,1,1,1,1,1,1,1,1,0.858875413,1,1,1,1,1,,,
65 Zhou,0.917085427,1,0.956043956,0.914,1,1,0.917282127,1,0.5,0,0.944444444,1,0.486,0.947,0.917,0.859977949,0,0.500584795,0.437,0.500598802,1,,,
66 Zhou,1,0.954,1,1,1,1,0.887740030,1,1,1,1,1,1,1,0.917,0.824696803,0.933106576,0.966081871,1,1,1,,,
67 Zhou,1,0.954,0.956043956,0.914,1,0.817721519,0.862629247,0.765079365,0.973,1,1,0.909249564,0.973,1,0.416,0.931642778,0.933106576,1,0.937,1,1,,,
68 Zhou,0.917085427,0.954,1,0.956,1,1,0.943870015,1,1,1,1,0.954624782,0.919,0,0.834,0.931642778,1,1,1,0.920958084,1,,,
69 Zhou,0.917085427,0.954,0.956043956,0.957,0.859,0.920253165,0.748892171,0.882539683,0.919,1,0.833333333,0.045375218,0.403,0.528,0.834,0.965821389,0.868480726,1,1,1,1,,,
70 Zhou,1,1,0.956043956,1,0.928,0.922784810,0.915805022,1,1,1,1,1,0.916,1,1,0.965821389,0.934240363,1,1,0.959281437,1,,,
71 Zhou,1,0.954,0.620879121,0.87,1,0.869620253,0.943870015,0.765079365,0.973,1,0.944444444,0.954624782,0.459,1,1,0.862183021,0.866213152,1,0.874,1,1,,,
72 Zhou,0,0,0.483516484,0.957,0.626,0.973417722,0.917282127,0.941269841,0.5,1,1,0.907504363,0.5,0.947,0.917,0,0,0,0,0.960479042,1,,,
73 Zhou,0.917085427,0.23,0.967032967,1,1,0.813924051,0.915805022,0.765079365,0.973,1,1,0.909249564,0.972,0.894,1,0.931642778,0.866213152,0,0,0.519760479,1,,,
74 Zhou,0.875628141,1,0.890109890,0.957,0.964,1,0.859675037,1,1,1,1,0.952879581,0.668,0.842,1,1,0.866213152,0,0,0.080239521,1,,,
75 Zhou,0.958542714,1,0.967032967,0.869,0.964,1,0.943870015,1,1,1,1,0.952879581,1,1,1,0.862183021,1,1,0.811,0.877844311,1,,,
76 Zhou,0.958542714,1,0.923076923,0.479,1,0.973417722,0.973412112,1,1,1,0.888888889,1,1,0.948,1,0.895259096,1,1,1,1,1,,,
77 Zhou,0.958542714,0.954,0.967032967,0.304,0.964,1,1,1,0.959,1,0.888888889,0.954624782,0.973,0.894,0.917,1,1,1,1,0.959281437,1,,,
78 Zhou,0.958542714,1,1,1,1,1,1,1,1,1,1,1,1,1,1,0.931642778,0.933106576,1,1,1,1,,,
79 Zhou,1,1,1,0.913,1,0.946835443,0.834564254,0.823809524,1,1,0.944444444,0.954624782,0.944,0.947,0.667,1,0.867346939,1,0.937,0.880239521,1,,,
80 Zhou,1,1,0.5,0.957,1,0.974683544,0.943870015,0.5,0.487,1,0.444444444,0.183246073,0.972,1,1,0.858875413,1,1,0.875,0.959281437,1,,,
81 Zhou,0.933417085,1,0.956043956,0.957,1,0.946835443,0.887740030,1,1,1,1,1,1,1,1,0.862183021,1,1,0.811,1,1,,,
82 Zhou,1,1,1,1,1,0.949367089,0.973412112,1,1,1,1,0.954624782,1,0.947,0.751,1,0.933106576,1,1,0.960479042,1,,,
83 Zhou,0.248743719,0.954,0.934065934,0,0.288,1,0.943870015,0.706349206,1,1,0.944444444,0.907504363,0.917,0.424,0.832,1,0,0.933333333,0.874,0.718562874,1,,,
84 Zhou,0.75,0.5,0.857142857,0,0,0,0,0,0,0,0,0,0,0,0,0,0,0,0,0,1,,,
85 Zhou,1,1,0.890109890,0.957,0.964,0.840506329,0.859675037,0.706349206,1,1,1,0.546247818,0.014,0,0,0.931642778,0.5,0.500584795,0.468,0.8,1,,,
86 Zhou,1,1,1,1,1,1,0.973412112,1,1,1,1,1,1,1,1,0.858875413,1,1,1,0,1,,,
87 Zhou,0,0,0.956043956,0.868,0,0.308860759,0.859675037,0.706349206,0.973,0.922318126,0.888888889,0.726003490,0.707,0.74,0.666,0.964718853,0.431972789,0.899415205,0.624,0.519760479,1,,,
88 Zhou,0.958542714,1,0.956043956,1,0.964,1,0.833087149,0.941269841,1,1,1,1,0.486,1,1,1,1,1,0.937,0.880239521,1,,,
89 Zhou,1,0.954,1,1,1,0.973417722,1,1,1,1,1,0.907504363,1,1,0.751,0.964718853,0.933106576,0.932163743,1,0.118562874,1,,,
90 Zhou,0.958542714,0.954,0.923076923,1,1,0.973417722,1,1,0.5,0.500616523,0.944444444,0.909249564,1,1,0.917,1,1,0.932163743,0.937,0.919760479,1,,,
91 Zhou,0.958542714,0.728,0.934065934,0.871,0.75,0.707594937,0.748892171,0.647619048,1,0.422934649,0.888888889,0.589877836,0.888,0.841,0,0.824696803,0.933106576,1,0.811,0.419161677,1,,,
92 Zhou,0.875628141,0.727,0.857142857,0.871,0.892,0.630379747,0.472673560,0.412698413,0,1,0.695652174,0.090750436,0.972,0.581,0.749,1,1,1,0.938,0.960479042,1,,,
93 Zhou,1,1,0.923076923,0.957,1,0.846835443,1,0.941269841,1,1,0.944444444,1,1,0.948,0.832,0.929437707,0.933106576,0.966081871,0.937,1,1,,,
94 Zhou,0.958542714,0.727,0.692307692,0.827,0.785,0.258227848,0.694239291,0.647619048,0.891,1,0.555555556,0.364746946,0.388,0.894,0.832,1,0.599773243,1,0.373,0,1,,,
95 Zhou,0.957286432,0.954,0.967032967,1,1,1,0.971935007,1,1,1,1,0.909249564,1,0.842,0.917,1,0.800453515,0.966081871,0.874,0.039520958,1,,,
96 Zhou,1,1,0.967032967,1,1,0.867088608,1,1,1,0,1,1,0,0.947,1,0.964718853,1,1,0.937,1,1,,,
97 Zhou,1,1,1,0.957,0.929,1,0.973412112,1,0.973,1,1,0.952879581,1,0.947,0.917,0.931642778,0.933106576,1,0.468,1,1,,,
98 Zhou,0.917085427,0.954,1,0.914,1,0.973417722,1,1,1,1,1,1,0.944,1,0.916,0.964718853,0.933106576,1,0.813,0,1,,,
99 Zhou,0.917085427,0.954,1,0.957,0.964,0.949367089,0.692762186,1,1,1,1,1,0.972,0.947,0.834,1,0.868480726,0,0,0.879041916,1,,,
100 Zhou,0.958542714,0.909,0.901098901,0.871,0.964,1,1,0.823809524,1,1,1,1,1,1,1,0.964718853,0.866213152,0.933333333,1,1,1,,,
101 Zhou,1,0.908,0.967032967,0.654,0.822,0.844303797,0.778434269,0.530158730,0.5,0.845869297,0.833333333,0.499127400,0.333,0.789,0.751,0,0.800453515,0,0,0,1,,,
102 Zhou,0.958542714,0.908,0.923076923,0.957,1,0.949367089,1,1,1,1,1,0.909249564,1,1,1,1,1,1,1,1,1,,,
103 Zhou,0.958542714,1,1,0.5,1,0,1,1,1,1,1,1,0.919,0.474,0.5,0.896361632,1,1,0.937,1,1,,,
104 Zhou,1,1,0.956043956,0.956,0.928,0.922784810,0.946824225,1,0.5,1,1,1,0.972,1,1,0.823594267,0.933106576,1,0.874,0.918562874,1,,,
105 Zhou,1,0.954,0.967032967,1,0.964,0.946835443,0.917282127,0.647619048,1,1,1,1,1,1,0.916,0.965821389,0.366213152,0.450292398,0.375,0.798802395,1,,,
106 Zhou,1,1,1,1,1,0.973417722,0.946824225,1,1,1,1,1,1,1,1,1,1,1,1,1,1,,,
107 Zhou,1,1,1,1,1,0.922784810,1,1,1,1,1,1,0.972,1,1,1,1,1,1,0.877844311,1,,,
108 Zhou,1,0.276,0.956043956,0.956,0.785,0.973417722,0.776957164,1,1,1,1,0.818499127,0,0.947,0.917,0.861080485,0.732426304,0,0,0.439520958,1,,,
109 Zhou,0.917085427,0.954,0.923076923,0.957,0.928,0.893670886,0.943870015,1,1,1,1,0.954624782,0.972,0.894,0.75,0.930540243,0.867346939,1,1,0.837125749,1,,,
110 Zhou,1,0.954,0.956043956,0.914,0.964,1,0.971935007,1,1,1,0.944444444,1,0.972,0.685,1,0.965821389,0.933106576,1,1,1,1,,,
111 Zhou,0.875628141,1,1,1,1,0.898734177,0.887740030,1,1,1,1,0.954624782,0.972,1,1,0.929437707,0.933106576,1,1,1,1,,,
112 Zhou,1,1,1,0.957,1,0.896202532,1,1,1,1,0.944444444,1,1,1,1,0.931642778,1,1,1,0.959281437,1,,,
113 Zhou,1,0.954,1,0.957,1,1,0.971935007,1,1,1,1,1,0.626,1,1,0.931642778,0.933106576,1,1,1,1,,,
